MODULO;TABELA;TIPO;COLUNA;TIPO_DADO;ROTULO;PAPEL;PII
VENDAS-FATURAMENTO;PCPEDC;fato;NUMPED;NUMBER;;PK / nº do pedido;N
VENDAS-FATURAMENTO;PCPEDC;fato;DATA;DATE;;data do pedido (eixo temporal da venda pedida);N
VENDAS-FATURAMENTO;PCPEDC;fato;CODCLI;NUMBER;;FK cliente (PCCLIENT);N
VENDAS-FATURAMENTO;PCPEDC;fato;CODUSUR;NUMBER;;FK RCA/vendedor (PCUSUARI);N
VENDAS-FATURAMENTO;PCPEDC;fato;CODFILIAL;VARCHAR2(2);;FK filial (filtrar 99 = consolidadora);N
VENDAS-FATURAMENTO;PCPEDC;fato;POSICAO;VARCHAR2(2);;status do pedido: F/C/L (excluir C);N
VENDAS-FATURAMENTO;PCPEDC;fato;VLTOTAL;NUMBER;;medida: valor total pedido;N
VENDAS-FATURAMENTO;PCPEDC;fato;VLATEND;NUMBER;;medida: valor atendido/faturado do pedido;N
VENDAS-FATURAMENTO;PCPEDC;fato;VLTABELA;NUMBER;;medida: valor a preço de tabela (desconto = VLTABELA-VLTOTAL);N
VENDAS-FATURAMENTO;PCPEDC;fato;DTCANCEL;DATE;;data de cancelamento (NULL = não cancelado);N
VENDAS-FATURAMENTO;PCPEDC;fato;DTFAT;DATE;;data de faturamento do pedido;N
VENDAS-FATURAMENTO;PCPEDC;fato;NUMNOTA;NUMBER;;nº da NF gerada;N
VENDAS-FATURAMENTO;PCPEDC;fato;CONDVENDA;NUMBER;;condição/tipo de venda (domínio a validar: bonificação etc.);N
VENDAS-FATURAMENTO;PCPEDC;fato;CODPLPAG;NUMBER;;FK plano de pagamento (PCPLPAG);N
VENDAS-FATURAMENTO;PCPEDC;fato;CODCOB;VARCHAR2(4);;FK cobrança (PCCOB);N
VENDAS-FATURAMENTO;PCPEDC;fato;CODSUPERVISOR;NUMBER;;FK supervisor (PCSUPERV);N
VENDAS-FATURAMENTO;PCPEDC;fato;CODPRACA;NUMBER;;FK praça (PCPRACA);N
VENDAS-FATURAMENTO;PCPEDC;fato;ORIGEMPED;VARCHAR2(1);;origem do pedido (telemarketing/força de vendas/web);N
VENDAS-FATURAMENTO;PCPEDI;fato;NUMPED;NUMBER;;PK1 / FK PCPEDC;N
VENDAS-FATURAMENTO;PCPEDI;fato;CODPROD;NUMBER;;PK2 / FK produto (PCPRODUT);N
VENDAS-FATURAMENTO;PCPEDI;fato;NUMSEQ;NUMBER;;PK3 / sequência do item;N
VENDAS-FATURAMENTO;PCPEDI;fato;DATA;DATE;;data do pedido (redundante com PCPEDC.DATA);N
VENDAS-FATURAMENTO;PCPEDI;fato;QT;NUMBER;;medida: quantidade pedida;N
VENDAS-FATURAMENTO;PCPEDI;fato;QTFALTA;NUMBER;;medida: quantidade em falta/corte;N
VENDAS-FATURAMENTO;PCPEDI;fato;PVENDA;NUMBER;;medida: preço de venda praticado;N
VENDAS-FATURAMENTO;PCPEDI;fato;PTABELA;NUMBER;;medida: preço de tabela;N
VENDAS-FATURAMENTO;PCPEDI;fato;POSICAO;VARCHAR2(2);;status do item (espelha PCPEDC);N
VENDAS-FATURAMENTO;PCPEDI;fato;VLCUSTOFIN;NUMBER;;medida: custo financeiro do item;N
VENDAS-FATURAMENTO;PCPEDI;fato;VLCUSTOREAL;NUMBER;;medida: custo real do item;N
VENDAS-FATURAMENTO;PCPEDI;fato;BONIFIC;VARCHAR2(1);;flag item bonificado (S/N — validar domínio);N
VENDAS-FATURAMENTO;PCPEDI;fato;VLSUBTOTITEM;NUMBER;;medida: subtotal do item;N
VENDAS-FATURAMENTO;PCPEDI;fato;CODCLI;NUMBER;;FK cliente;N
VENDAS-FATURAMENTO;PCPEDI;fato;CODUSUR;NUMBER;;FK RCA;N
VENDAS-FATURAMENTO;PCPEDI;fato;CODFISCAL;NUMBER;;CFOP do item (FK PCCFO);N
VENDAS-FATURAMENTO;PCNFSAID;fato;NUMTRANSVENDA;NUMBER;;PK / nº transação de venda (liga a PCMOV, PCPREST, PCCONSOLIDARECEITA);N
VENDAS-FATURAMENTO;PCNFSAID;fato;NUMNOTA;NUMBER;;nº da NF;N
VENDAS-FATURAMENTO;PCNFSAID;fato;DTSAIDA;DATE;;data de saída/faturamento (eixo temporal);N
VENDAS-FATURAMENTO;PCNFSAID;fato;VLTOTAL;NUMBER;;medida: valor total da NF;N
VENDAS-FATURAMENTO;PCNFSAID;fato;VLTABELA;NUMBER;;medida: valor a preço de tabela;N
VENDAS-FATURAMENTO;PCNFSAID;fato;VLDESCONTO;NUMBER;;medida: desconto total;N
VENDAS-FATURAMENTO;PCNFSAID;fato;VLDEVOLUCAO;NUMBER;;medida: valor já devolvido da NF;N
VENDAS-FATURAMENTO;PCNFSAID;fato;VLCUSTOREAL;NUMBER;;medida: custo real total da NF;N
VENDAS-FATURAMENTO;PCNFSAID;fato;VLCUSTOFIN;NUMBER;;medida: custo financeiro total da NF;N
VENDAS-FATURAMENTO;PCNFSAID;fato;CODCLI;NUMBER;;FK cliente;N
VENDAS-FATURAMENTO;PCNFSAID;fato;CODUSUR;NUMBER;;FK RCA;N
VENDAS-FATURAMENTO;PCNFSAID;fato;CODFILIAL;VARCHAR2(2);;FK filial;N
VENDAS-FATURAMENTO;PCNFSAID;fato;DTCANCEL;DATE;;data cancelamento (NULL = válida);N
VENDAS-FATURAMENTO;PCNFSAID;fato;TIPOVENDA;VARCHAR2(2);;tipo de venda (domínio a validar);N
VENDAS-FATURAMENTO;PCNFSAID;fato;CONDVENDA;NUMBER;;condição de venda (1=normal, 5=bonificada... validar);N
VENDAS-FATURAMENTO;PCNFSAID;fato;NUMPED;NUMBER;;FK pedido (PCPEDC);N
VENDAS-FATURAMENTO;PCNFSAID;fato;CODFISCAL;NUMBER;;CFOP predominante (FK PCCFO);N
VENDAS-FATURAMENTO;PCNFSAID;fato;CHAVENFE;VARCHAR2(45);;chave da NF-e;N
VENDAS-FATURAMENTO;PCNFSAID;fato;SITUACAONFE;NUMBER;;situação da NF-e na SEFAZ;N
VENDAS-FATURAMENTO;PCNFSAID;fato;CLIENTE;VARCHAR2(60);;nome/razão social gravado na NF;S
VENDAS-FATURAMENTO;PCNFSAID;fato;CGC;VARCHAR2(18);;CNPJ/CPF do destinatário;S
VENDAS-FATURAMENTO;PCNFSAID;fato;ENDERECO;VARCHAR2(40);;endereço do destinatário;S
VENDAS-FATURAMENTO;PCNFSAID;fato;CEP;VARCHAR2(10);;CEP do destinatário;S
VENDAS-FATURAMENTO;PCMOV;fato;NUMTRANSITEM;NUMBER;;identificador único do item de movimentação;N
VENDAS-FATURAMENTO;PCMOV;fato;DTMOV;DATE;;data da movimentação (eixo temporal);N
VENDAS-FATURAMENTO;PCMOV;fato;CODOPER;VARCHAR2(2);;"código da operação (S=venda; ED=entrada devolução — validar sufixos)";N
VENDAS-FATURAMENTO;PCMOV;fato;CODPROD;NUMBER;;FK produto;N
VENDAS-FATURAMENTO;PCMOV;fato;QT;NUMBER;;medida: quantidade movimentada;N
VENDAS-FATURAMENTO;PCMOV;fato;PUNIT;NUMBER;;medida: preço unitário praticado (substitui o PVENDA do esboço);N
VENDAS-FATURAMENTO;PCMOV;fato;PTABELA;NUMBER;;medida: preço de tabela;N
VENDAS-FATURAMENTO;PCMOV;fato;CODFILIAL;VARCHAR2(2);;FK filial;N
VENDAS-FATURAMENTO;PCMOV;fato;CODCLI;NUMBER;;FK cliente;N
VENDAS-FATURAMENTO;PCMOV;fato;CODUSUR;NUMBER;;FK RCA;N
VENDAS-FATURAMENTO;PCMOV;fato;CODFORNEC;NUMBER;;FK fornecedor (movimentos de entrada);N
VENDAS-FATURAMENTO;PCMOV;fato;NUMNOTA;NUMBER;;nº da NF;N
VENDAS-FATURAMENTO;PCMOV;fato;NUMPED;NUMBER;;FK pedido (PCPEDC);N
VENDAS-FATURAMENTO;PCMOV;fato;NUMTRANSVENDA;NUMBER;;FK NF de saída (PCNFSAID);N
VENDAS-FATURAMENTO;PCMOV;fato;NUMTRANSENT;NUMBER;;FK NF de entrada (PCNFENT) — devoluções de cliente;N
VENDAS-FATURAMENTO;PCMOV;fato;CUSTOREAL;NUMBER;;medida: custo real unitário;N
VENDAS-FATURAMENTO;PCMOV;fato;CUSTOFIN;NUMBER;;medida: custo financeiro unitário;N
VENDAS-FATURAMENTO;PCMOV;fato;CUSTOCONT;NUMBER;;medida: custo contábil unitário;N
VENDAS-FATURAMENTO;PCMOV;fato;CUSTOULTENT;NUMBER;;medida: custo última entrada;N
VENDAS-FATURAMENTO;PCMOV;fato;VLDESCONTO;NUMBER;;medida: desconto do item;N
VENDAS-FATURAMENTO;PCMOV;fato;VLBONIFIC;NUMBER;;medida: valor bonificado;N
VENDAS-FATURAMENTO;PCMOV;fato;ST;NUMBER;;medida: valor de ICMS-ST do item;N
VENDAS-FATURAMENTO;PCMOV;fato;VLIPI;NUMBER;;medida: valor de IPI;N
VENDAS-FATURAMENTO;PCMOV;fato;VLPIS;NUMBER;;medida: valor de PIS;N
VENDAS-FATURAMENTO;PCMOV;fato;DTCANCEL;DATE;;data cancelamento (NULL = válido);N
VENDAS-FATURAMENTO;PCMOV;fato;STATUS;VARCHAR2(2);;status do registro (domínio a validar);N
VENDAS-FATURAMENTO;PCMOVCOMPLE;apoio;NUMTRANSITEM;NUMBER;;PK / FK PCMOV;N
VENDAS-FATURAMENTO;PCMOVCOMPLE;apoio;VLICMS;NUMBER;;medida: ICMS do item;N
VENDAS-FATURAMENTO;PCMOVCOMPLE;apoio;BONIFIC;VARCHAR2(1);;flag bonificação;N
VENDAS-FATURAMENTO;PCMOVCOMPLE;apoio;DTREGISTRO;DATE;;data de registro;N
VENDAS-FATURAMENTO;PCMOVHISTORICO;log;NUMTRANSHISTORICO;NUMBER;;PK;N
VENDAS-FATURAMENTO;PCCONSOLIDAMES;agregado;TIPO;VARCHAR2(1);;PK1: tipo da entidade consolidada (domínio a validar);N
VENDAS-FATURAMENTO;PCCONSOLIDAMES;agregado;CODIGO;NUMBER;;PK2: código da entidade;N
VENDAS-FATURAMENTO;PCCONSOLIDAMES;agregado;CODFILIAL;VARCHAR2(2);;PK3: filial;N
VENDAS-FATURAMENTO;PCCONSOLIDAMES;agregado;MES;NUMBER;;PK4;N
VENDAS-FATURAMENTO;PCCONSOLIDAMES;agregado;ANO;NUMBER;;PK5;N
VENDAS-FATURAMENTO;PCCONSOLIDAMES;agregado;QTVENDA;NUMBER;;medida: quantidade vendida no mês;N
VENDAS-FATURAMENTO;PCCONSOLIDAMES;agregado;VLVENDA;NUMBER;;medida: valor vendido no mês;N
VENDAS-FATURAMENTO;PCCONSOLIDAMES;agregado;QTDEVCLIENTE;NUMBER;;medida: qtde devolvida por clientes;N
VENDAS-FATURAMENTO;PCCONSOLIDAMES;agregado;QTDEVFORNECEDOR;NUMBER;;medida: qtde devolvida a fornecedores;N
VENDAS-FATURAMENTO;PCAUXVENDA;agregado;MES;NUMBER;;chave temporal;N
VENDAS-FATURAMENTO;PCAUXVENDA;agregado;ANO;NUMBER;;chave temporal;N
VENDAS-FATURAMENTO;PCAUXVENDA;agregado;CODUSUR;NUMBER;;FK RCA;N
VENDAS-FATURAMENTO;PCAUXVENDA;agregado;CODEPTO;NUMBER;;FK departamento;N
VENDAS-FATURAMENTO;PCAUXVENDA;agregado;CODSEC;NUMBER;;FK seção;N
VENDAS-FATURAMENTO;PCAUXVENDA;agregado;CODFORNEC;NUMBER;;FK fornecedor;N
VENDAS-FATURAMENTO;PCAUXVENDA;agregado;VLVENDAFATURADA;NUMBER;;medida: venda faturada no mês;N
VENDAS-FATURAMENTO;PCAUXVENDA;agregado;VLBONIFICACAO;NUMBER;;medida: bonificações no mês;N
VENDAS-FATURAMENTO;PCAUXVENDA;agregado;VLDEVOLUCAO;NUMBER;;medida: devoluções no mês;N
VENDAS-FATURAMENTO;PCCONSOLIDARECEITA;agregado;NUMREGISTRO;NUMBER;;PK;N
VENDAS-FATURAMENTO;PCCONSOLIDARECEITA;agregado;NUMTRANSVENDA;NUMBER;;FK PCNFSAID (preenchida em saídas);N
VENDAS-FATURAMENTO;PCCONSOLIDARECEITA;agregado;NUMTRANSENT;NUMBER;;FK PCNFENT (preenchida em entradas);N
VENDAS-FATURAMENTO;PCCONSOLIDARECEITA;agregado;DTMOV;DATE;;data do movimento;N
VENDAS-FATURAMENTO;PCCONSOLIDARECEITA;agregado;CODFILIAL;VARCHAR2(2);;FK filial;N
VENDAS-FATURAMENTO;PCCONSOLIDARECEITA;agregado;VLTOTALNOTA;NUMBER;;medida: valor total da nota;N
VENDAS-FATURAMENTO;PCCONSOLIDARECEITA;agregado;VLICMS;NUMBER;;medida: ICMS;N
VENDAS-FATURAMENTO;PCCONSOLIDARECEITA;agregado;VLPIS;NUMBER;;medida: PIS;N
VENDAS-FATURAMENTO;PCCONSOLIDARECEITA;agregado;VLCOFINS;NUMBER;;medida: COFINS;N
VENDAS-FATURAMENTO;PCCONSOLIDARECEITA;agregado;VLST;NUMBER;;medida: ICMS-ST;N
VENDAS-FATURAMENTO;PCCONSOLIDARECEITA;agregado;VLIPI;NUMBER;;medida: IPI;N
VENDAS-FATURAMENTO;PCCONSOLIDARECEITA;agregado;CODFISCAL;NUMBER;;CFOP (FK PCCFO);N
VENDAS-FATURAMENTO;PCNFCAN;log;NUMTRANSVENDA;NUMBER;;FK NF de saída cancelada;N
VENDAS-FATURAMENTO;PCNFCAN;log;DATACANC;DATE;;data do cancelamento;N
VENDAS-FATURAMENTO;PCNFCAN;log;MOTIVO;VARCHAR2(60);;motivo do cancelamento;N
VENDAS-FATURAMENTO;PCNFCAN;log;VLTOTAL;NUMBER;;medida: valor da NF cancelada;N
VENDAS-FATURAMENTO;PCNFCAN;log;POSICAOANTCANCEL;VARCHAR2(2);;posição do pedido antes do cancelamento;N
VENDAS-FATURAMENTO;PCNFCANITEM;log;NUMTRANSVENDA;NUMBER;;FK NF cancelada;N
VENDAS-FATURAMENTO;PCNFCANITEM;log;CODPROD;NUMBER;;FK produto;N
VENDAS-FATURAMENTO;PCNFCANITEM;log;QT;NUMBER;;medida: quantidade;N
VENDAS-FATURAMENTO;PCNFCANITEM;log;PVENDA;NUMBER;;medida: preço de venda;N
VENDAS-FATURAMENTO;PCNFENT;fato;NUMTRANSENT;NUMBER;;PK1 / transação de entrada;N
VENDAS-FATURAMENTO;PCNFENT;fato;DTENT;DATE;;data de entrada;N
VENDAS-FATURAMENTO;PCNFENT;fato;VLTOTAL;NUMBER;;medida: valor total da NF de entrada;N
VENDAS-FATURAMENTO;PCNFENT;fato;TIPODESCARGA;VARCHAR2(1);;tipo de descarga (identifica devolução — domínio a validar);N
VENDAS-FATURAMENTO;PCNFENT;fato;CODDEVOL;NUMBER;;código do motivo de devolução;N
VENDAS-FATURAMENTO;PCNFENT;fato;CODFISCAL;NUMBER;;CFOP (FK PCCFO);N
VENDAS-FATURAMENTO;PCNFENT;fato;DTCANCEL;DATE;;cancelamento (NULL = válida);N
VENDAS-FATURAMENTO;PCPEDCFV;apoio;NUMPEDRCA;NUMBER;;PK1: nº pedido no dispositivo do RCA;N
VENDAS-FATURAMENTO;PCPEDCFV;apoio;CGCCLI;VARCHAR2(18);;PK3: CNPJ/CPF do cliente;S
VENDAS-FATURAMENTO;PCPEDCFV;apoio;NUMPED;NUMBER;;FK pedido efetivado (PCPEDC);N
VENDAS-FATURAMENTO;PCPEDCFV;apoio;CODFILIAL;VARCHAR2(2);;FK filial;N
VENDAS-FATURAMENTO;PCPEDIFV;apoio;CGCCLI;VARCHAR2(18);;PK: CNPJ/CPF do cliente;S
VENDAS-FATURAMENTO;PCPEDIFV;apoio;CODPROD;NUMBER;;FK produto;N
VENDAS-FATURAMENTO;PCTABPR;apoio;NUMREGIAO;NUMBER;;PK1 / FK PCREGIAO;N
VENDAS-FATURAMENTO;PCTABPR;apoio;CODPROD;NUMBER;;PK2 / FK PCPRODUT;N
VENDAS-FATURAMENTO;PCVENDACONSUM;apoio;NUMPED;NUMBER;;PK / FK PCPEDC;N
VENDAS-FATURAMENTO;PCCLIENT;dimensao;CODCLI;NUMBER;Código;PK;N
VENDAS-FATURAMENTO;PCCLIENT;dimensao;CLIENTE;VARCHAR2(60);Cliente;nome/razão social;S
VENDAS-FATURAMENTO;PCCLIENT;dimensao;FANTASIA;VARCHAR2(40);Fantasia;nome fantasia;S
VENDAS-FATURAMENTO;PCCLIENT;dimensao;CGCENT;VARCHAR2(18);CNPJ/CPF;CNPJ/CPF;S
VENDAS-FATURAMENTO;PCCLIENT;dimensao;ENDERENT;VARCHAR2(40);Endereço Comercial;endereço comercial;S
VENDAS-FATURAMENTO;PCCLIENT;dimensao;TELENT;VARCHAR2(13);Telefone Comercial;telefone;S
VENDAS-FATURAMENTO;PCCLIENT;dimensao;EMAIL;VARCHAR2(100);E-mail;e-mail;S
VENDAS-FATURAMENTO;PCCLIENT;dimensao;MUNICENT;VARCHAR2(15);Município;município;N
VENDAS-FATURAMENTO;PCCLIENT;dimensao;ESTENT;VARCHAR2(2);Estado;UF;N
VENDAS-FATURAMENTO;PCCLIENT;dimensao;CODUSUR1;NUMBER;RCA 1;FK RCA titular da carteira;N
VENDAS-FATURAMENTO;PCCLIENT;dimensao;CODPRACA;NUMBER;Praça;FK praça;N
VENDAS-FATURAMENTO;PCCLIENT;dimensao;CODATV1;NUMBER;Atividade;FK ramo de atividade;N
VENDAS-FATURAMENTO;PCCLIENT;dimensao;BLOQUEIO;VARCHAR2(1);Bloqueio;flag de bloqueio (carteira ativa);N
VENDAS-FATURAMENTO;PCCLIENT;dimensao;DTCADASTRO;DATE;Data e Hora de Cadastro;data de cadastro (clientes novos/prospecção);N
VENDAS-FATURAMENTO;PCPRODUT;dimensao;CODPROD;NUMBER;Código;PK;N
VENDAS-FATURAMENTO;PCPRODUT;dimensao;DESCRICAO;VARCHAR2(40);Descrição;descrição do produto;N
VENDAS-FATURAMENTO;PCPRODUT;dimensao;CODEPTO;NUMBER;Departamento;FK departamento (PCDEPTO);N
VENDAS-FATURAMENTO;PCPRODUT;dimensao;CODSEC;NUMBER;Seção;FK seção (PCSECAO);N
VENDAS-FATURAMENTO;PCPRODUT;dimensao;CODFORNEC;NUMBER;Fornecedor;FK fornecedor (PCFORNEC);N
VENDAS-FATURAMENTO;PCPRODUT;dimensao;CODMARCA;NUMBER;Marca;FK marca (PCMARCA);N
VENDAS-FATURAMENTO;PCPRODUT;dimensao;EMBALAGEM;VARCHAR2(12);Embalagem;embalagem de venda;N
VENDAS-FATURAMENTO;PCPRODUT;dimensao;UNIDADE;VARCHAR2(2);Unidade de venda;unidade de venda;N
VENDAS-FATURAMENTO;PCPRODUT;dimensao;NBM;VARCHAR2(15);NCM;NCM fiscal;N
VENDAS-FATURAMENTO;PCPRODUT;dimensao;OBS2;VARCHAR2(2);Fora de linha;flag fora de linha;N
VENDAS-FATURAMENTO;PCUSUARI;dimensao;CODUSUR;NUMBER;Código;PK;N
VENDAS-FATURAMENTO;PCUSUARI;dimensao;NOME;VARCHAR2(40);Nome;nome do RCA;S
VENDAS-FATURAMENTO;PCUSUARI;dimensao;CGC;VARCHAR2(20);CNPJ;CNPJ do RCA;S
VENDAS-FATURAMENTO;PCUSUARI;dimensao;EMAIL;VARCHAR2(100);E-Mail;e-mail;S
VENDAS-FATURAMENTO;PCUSUARI;dimensao;CODSUPERVISOR;NUMBER;Supervisor;FK supervisor (PCSUPERV);N
VENDAS-FATURAMENTO;PCUSUARI;dimensao;BLOQUEIO;VARCHAR2(1);Bloqueio;flag bloqueio;N
VENDAS-FATURAMENTO;PCFILIAL;dimensao;CODIGO;VARCHAR2;;PK (= CODFILIAL nas fatos);N
VENDAS-FATURAMENTO;PCSUPERV;dimensao;CODSUPERVISOR;NUMBER;;PK;N
VENDAS-FATURAMENTO;PCPRACA;dimensao;CODPRACA;NUMBER;;PK;N
VENDAS-FATURAMENTO;PCDEPTO;dimensao;CODEPTO;NUMBER;;PK;N
VENDAS-FATURAMENTO;PCSECAO;dimensao;CODSEC;NUMBER;;PK;N
VENDAS-FATURAMENTO;PCMARCA;dimensao;CODMARCA;NUMBER;;PK;N
VENDAS-FATURAMENTO;PCFORNEC;dimensao;CODFORNEC;NUMBER;;PK;N
VENDAS-FATURAMENTO;PCPLPAG;dimensao;CODPLPAG;NUMBER;;PK;N
VENDAS-FATURAMENTO;PCCOB;dimensao;CODCOB;VARCHAR2(4);;PK;N
VENDAS-FATURAMENTO;PCCFO;dimensao;CODFISCAL;NUMBER;Código;PK / CFOP;N
VENDAS-FATURAMENTO;PCCFO;dimensao;DESCCFO;VARCHAR2(60);Descrição;descrição do CFOP;N
VENDAS-FATURAMENTO;PCCFO;dimensao;CODOPER;VARCHAR2(2);Operação;código de operação associado (decodifica PCMOV.CODOPER);N
VENDAS-FATURAMENTO;PCCFO;dimensao;CFOPINVERSO;NUMBER;CFOP Inverso;CFOP inverso para devolução de venda;N
ESTOQUE-PRODUTOS;PCEST;snapshot;CODFILIAL;VARCHAR2(2);;PK / FK PCFILIAL;N
ESTOQUE-PRODUTOS;PCEST;snapshot;CODPROD;NUMBER;;PK / FK PCPRODUT;N
ESTOQUE-PRODUTOS;PCEST;snapshot;QTESTGER;NUMBER;;medida - estoque gerencial total (inclui bloqueado/avariado);N
ESTOQUE-PRODUTOS;PCEST;snapshot;QTEST;NUMBER;;medida - estoque contábil;N
ESTOQUE-PRODUTOS;PCEST;snapshot;QTRESERV;NUMBER;;medida - quantidade reservada (pedidos liberados);N
ESTOQUE-PRODUTOS;PCEST;snapshot;QTBLOQUEADA;NUMBER;;medida - quantidade bloqueada;N
ESTOQUE-PRODUTOS;PCEST;snapshot;QTINDENIZ;NUMBER;;medida - quantidade avariada/indenizada;N
ESTOQUE-PRODUTOS;PCEST;snapshot;QTPENDENTE;NUMBER;;medida - quantidade pendente;N
ESTOQUE-PRODUTOS;PCEST;snapshot;CUSTOFIN;NUMBER;;medida - custo financeiro unitário;N
ESTOQUE-PRODUTOS;PCEST;snapshot;CUSTOREAL;NUMBER;;medida - custo real unitário;N
ESTOQUE-PRODUTOS;PCEST;snapshot;CUSTOCONT;NUMBER;;medida - custo contábil unitário;N
ESTOQUE-PRODUTOS;PCEST;snapshot;CUSTOREP;NUMBER;;medida - custo de reposição unitário;N
ESTOQUE-PRODUTOS;PCEST;snapshot;DTULTENT;DATE;;data da última entrada;N
ESTOQUE-PRODUTOS;PCEST;snapshot;DTULTSAIDA;DATE;;data da última saída (base do KPI estoque parado);N
ESTOQUE-PRODUTOS;PCEST;snapshot;ESTMIN;NUMBER;;parâmetro - estoque mínimo;N
ESTOQUE-PRODUTOS;PCEST;snapshot;ESTMAX;NUMBER;;parâmetro - estoque máximo;N
ESTOQUE-PRODUTOS;PCEST;snapshot;MOTIVOBLOQESTOQUE;VARCHAR2(80);;atributo - motivo do bloqueio;N
ESTOQUE-PRODUTOS;PCHISTEST;snapshot;CODFILIAL;VARCHAR2(2);;PK;N
ESTOQUE-PRODUTOS;PCHISTEST;snapshot;CODPROD;NUMBER;;PK / FK PCPRODUT;N
ESTOQUE-PRODUTOS;PCHISTEST;snapshot;DATA;DATE;;PK - dia da fotografia;N
ESTOQUE-PRODUTOS;PCHISTEST;snapshot;QTESTGER;NUMBER;;medida - estoque gerencial no dia;N
ESTOQUE-PRODUTOS;PCHISTEST;snapshot;QTEST;NUMBER;;medida - estoque contábil no dia;N
ESTOQUE-PRODUTOS;PCHISTEST;snapshot;QTRESERV;NUMBER;;medida - reservado no dia;N
ESTOQUE-PRODUTOS;PCHISTEST;snapshot;QTBLOQUEADA;NUMBER;;medida - bloqueado no dia;N
ESTOQUE-PRODUTOS;PCHISTEST;snapshot;QTINDENIZ;NUMBER;;medida - avariado no dia;N
ESTOQUE-PRODUTOS;PCHISTEST;snapshot;CUSTOFIN;NUMBER;;medida - custo financeiro unitário no dia;N
ESTOQUE-PRODUTOS;PCHISTEST;snapshot;CUSTOREAL;NUMBER;;medida - custo real unitário no dia;N
ESTOQUE-PRODUTOS;PCHISTEST;snapshot;CUSTOCONT;NUMBER;;medida - custo contábil unitário no dia;N
ESTOQUE-PRODUTOS;PCHISTEST;snapshot;VLVENDA;NUMBER;;medida - preço de venda vigente no dia;N
ESTOQUE-PRODUTOS;PCHISTEST;snapshot;DTGERACAO;DATE;;data/hora de geração da foto;N
ESTOQUE-PRODUTOS;PCDTPROD;agregado;CODFILIAL;VARCHAR2(2);;chave (NOT NULL);N
ESTOQUE-PRODUTOS;PCDTPROD;agregado;CODPROD;NUMBER;;chave / FK PCPRODUT (NOT NULL);N
ESTOQUE-PRODUTOS;PCDTPROD;agregado;DTMOV;DATE;;chave - dia do movimento (NOT NULL);N
ESTOQUE-PRODUTOS;PCDTPROD;agregado;QTVENDA;NUMBER;;medida - quantidade vendida no dia;N
ESTOQUE-PRODUTOS;PCDTPROD;agregado;VLVENDA;NUMBER;;medida - valor vendido no dia;N
ESTOQUE-PRODUTOS;PCDTPROD;agregado;QTENT;NUMBER;;medida - quantidade entrada no dia;N
ESTOQUE-PRODUTOS;PCDTPROD;agregado;VLENT;NUMBER;;medida - valor de entrada no dia;N
ESTOQUE-PRODUTOS;PCDTPROD;agregado;QTDEVOLCLI;NUMBER;;medida - devolução de cliente;N
ESTOQUE-PRODUTOS;PCDTPROD;agregado;QTPERDA;NUMBER;;medida - perdas;N
ESTOQUE-PRODUTOS;PCDTPROD;agregado;QTESTGER;NUMBER;;medida - estoque gerencial no dia (snapshot);N
ESTOQUE-PRODUTOS;PCDTPROD;agregado;VLCUSTOFIN;NUMBER;;medida - custo financeiro da venda do dia;N
ESTOQUE-PRODUTOS;PCDTPROD;agregado;CODEPTO;NUMBER;;FK PCDEPTO (corte);N
ESTOQUE-PRODUTOS;PCDTPROD;agregado;CODFORNEC;NUMBER;;FK PCFORNEC (corte);N
ESTOQUE-PRODUTOS;PCLOGESTOQUE;log;CODFILIAL;VARCHAR2(2);;chave de contexto;N
ESTOQUE-PRODUTOS;PCLOGESTOQUE;log;CODPROD;NUMBER;;FK PCPRODUT;N
ESTOQUE-PRODUTOS;PCLOGESTOQUE;log;DATA;DATE;;data/hora da alteração;N
ESTOQUE-PRODUTOS;PCLOGESTOQUE;log;QTESTGERANT;NUMBER;;medida - estoque gerencial antes;N
ESTOQUE-PRODUTOS;PCLOGESTOQUE;log;QTESTGER;NUMBER;;medida - estoque gerencial depois;N
ESTOQUE-PRODUTOS;PCLOGESTOQUE;log;PROGRAMA;VARCHAR2(80);;atributo - rotina que alterou;N
ESTOQUE-PRODUTOS;PCLOGESTOQUE;log;USUARIO;VARCHAR2(80);;atributo - usuário que alterou;S
ESTOQUE-PRODUTOS;PCLOGESTOQUE;log;MAQUINA;VARCHAR2(80);;atributo - estação;N
ESTOQUE-PRODUTOS;PCLOGPKG_ESTOQUE;log;CODFILIAL;VARCHAR2(2);;chave de contexto;N
ESTOQUE-PRODUTOS;PCLOGPKG_ESTOQUE;log;CODPROD;NUMBER;;FK PCPRODUT;N
ESTOQUE-PRODUTOS;PCLOGPKG_ESTOQUE;log;DTGERACAO;DATE;;data/hora;N
ESTOQUE-PRODUTOS;PCLOGPKG_ESTOQUE;log;TIPO_MOVIMENTACAO;VARCHAR2(15);;atributo - tipo do movimento;N
ESTOQUE-PRODUTOS;PCLOGPKG_ESTOQUE;log;PROGRAMA;VARCHAR2(80);;atributo - rotina chamadora;N
ESTOQUE-PRODUTOS;PCPRODUT;dimensao;CODPROD;NUMBER;Código;PK;N
ESTOQUE-PRODUTOS;PCPRODUT;dimensao;DESCRICAO;VARCHAR2(40);Descrição;atributo - nome do produto;N
ESTOQUE-PRODUTOS;PCPRODUT;dimensao;CODEPTO;NUMBER;Departamento;FK PCDEPTO;N
ESTOQUE-PRODUTOS;PCPRODUT;dimensao;CODSEC;NUMBER;Seção;FK PCSECAO;N
ESTOQUE-PRODUTOS;PCPRODUT;dimensao;CODCATEGORIA;NUMBER;Categoria;FK PCCATEGORIA;N
ESTOQUE-PRODUTOS;PCPRODUT;dimensao;CODFORNEC;NUMBER;Fornecedor;FK PCFORNEC;N
ESTOQUE-PRODUTOS;PCPRODUT;dimensao;CODMARCA;NUMBER;Marca;FK PCMARCA;N
ESTOQUE-PRODUTOS;PCPRODUT;dimensao;EMBALAGEM;VARCHAR2(12);Embalagem;atributo;N
ESTOQUE-PRODUTOS;PCPRODUT;dimensao;UNIDADE;VARCHAR2(2);Unidade de venda;atributo;N
ESTOQUE-PRODUTOS;PCPRODUT;dimensao;NBM;VARCHAR2(15);NCM;atributo fiscal;N
ESTOQUE-PRODUTOS;PCPRODUT;dimensao;DTCADASTRO;DATE;Dt.Cadastro;data de cadastro;N
ESTOQUE-PRODUTOS;PCPRODUT;dimensao;DTEXCLUSAO;DATE;Data Exclusão;filtro - produto excluído quando não nula;N
ESTOQUE-PRODUTOS;PCPRODFILIAL;dimensao;CODPROD;NUMBER;Cód.Produto;PK / FK PCPRODUT;N
ESTOQUE-PRODUTOS;PCPRODFILIAL;dimensao;CODFILIAL;VARCHAR2(2);Cód.Filial;PK;N
ESTOQUE-PRODUTOS;PCPRODFILIAL;dimensao;ATIVO;VARCHAR2(1);Ativo;filtro - produto ativo na filial (S/N);N
ESTOQUE-PRODUTOS;PCPRODFILIAL;dimensao;FORALINHA;VARCHAR2(1);Fora de linha;filtro - fora de linha (S/N);N
ESTOQUE-PRODUTOS;PCPRODFILIAL;dimensao;PROIBIDAVENDA;VARCHAR2(1);Proibido para venda;filtro - proibido para venda (S/N);N
ESTOQUE-PRODUTOS;PCPRODFILIAL;dimensao;CLASSE;VARCHAR2(1);Classe produto;atributo - curva ABC do produto;N
ESTOQUE-PRODUTOS;PCPRODFILIAL;dimensao;CLASSEVENDA;VARCHAR2(1);Classe venda;atributo - curva ABC de venda;N
ESTOQUE-PRODUTOS;PCPRODFILIAL;dimensao;CODCOMPRADOR;NUMBER;Cód.Comprador;FK comprador;N
ESTOQUE-PRODUTOS;PCPRODFILIAL;dimensao;CONTROLEDEVALIDADE;VARCHAR2(1);Controledevalidade;flag - controla validade;N
ESTOQUE-PRODUTOS;PCEMBALAGEM;apoio;CODFILIAL;VARCHAR2(2);;PK;N
ESTOQUE-PRODUTOS;PCEMBALAGEM;apoio;CODAUXILIAR;NUMBER;;PK - EAN/DUN;N
ESTOQUE-PRODUTOS;PCEMBALAGEM;apoio;CODPROD;NUMBER;;FK PCPRODUT;N
ESTOQUE-PRODUTOS;PCEMBALAGEM;apoio;QTUNIT;NUMBER;;fator de conversão;N
ESTOQUE-PRODUTOS;PCEMBALAGEM;apoio;PVENDA;NUMBER;;medida - preço da embalagem;N
ESTOQUE-PRODUTOS;PCCONSOLIDAMES;agregado;TIPO;VARCHAR2(1);;PK - tipo de entidade consolidada (validar domínio);N
ESTOQUE-PRODUTOS;PCCONSOLIDAMES;agregado;CODIGO;NUMBER;;PK - código da entidade (produto?);N
ESTOQUE-PRODUTOS;PCCONSOLIDAMES;agregado;CODFILIAL;VARCHAR2(2);;PK;N
ESTOQUE-PRODUTOS;PCCONSOLIDAMES;agregado;MES;NUMBER;;PK;N
ESTOQUE-PRODUTOS;PCCONSOLIDAMES;agregado;ANO;NUMBER;;PK;N
ESTOQUE-PRODUTOS;PCCONSOLIDAMES;agregado;QTVENDA;NUMBER;;medida;N
ESTOQUE-PRODUTOS;PCCONSOLIDAMES;agregado;VLVENDA;NUMBER;;medida;N
ESTOQUE-PRODUTOS;PCCONSOLIDAMES;agregado;QTCOMPRA;NUMBER;;medida;N
ESTOQUE-PRODUTOS;PCCONSOLIDAMES;agregado;VLCOMPRA;NUMBER;;medida;N
ESTOQUE-PRODUTOS;PCCONSOLIDAMES;agregado;QTDEVCLIENTE;NUMBER;;medida;N
ESTOQUE-PRODUTOS;PCCONSOLIDAMES;agregado;QTDEVFORNECEDOR;NUMBER;;medida;N
ESTOQUE-PRODUTOS;PCDEPTO;dimensao;CODEPTO;NUMBER;Código;PK;N
ESTOQUE-PRODUTOS;PCDEPTO;dimensao;DESCRICAO;VARCHAR2(25);Descrição;atributo;N
ESTOQUE-PRODUTOS;PCSECAO;dimensao;CODSEC;NUMBER;Código;PK;N
ESTOQUE-PRODUTOS;PCSECAO;dimensao;DESCRICAO;VARCHAR2(40);Descrição;atributo;N
ESTOQUE-PRODUTOS;PCSECAO;dimensao;CODEPTO;NUMBER;Cód. Departamento;FK PCDEPTO;N
ESTOQUE-PRODUTOS;PCCATEGORIA;dimensao;CODSEC;NUMBER;Cod. Seção;PK / FK PCSECAO;N
ESTOQUE-PRODUTOS;PCCATEGORIA;dimensao;CODCATEGORIA;NUMBER;Código;PK;N
ESTOQUE-PRODUTOS;PCCATEGORIA;dimensao;CATEGORIA;VARCHAR2(40);Categoria;atributo;N
ESTOQUE-PRODUTOS;PCMARCA;dimensao;CODMARCA;NUMBER;Código;PK;N
ESTOQUE-PRODUTOS;PCMARCA;dimensao;MARCA;VARCHAR2(40);Descrição;atributo;N
ESTOQUE-PRODUTOS;PCFORNEC;dimensao;CODFORNEC;NUMBER;Código;PK;N
ESTOQUE-PRODUTOS;PCFORNEC;dimensao;FORNECEDOR;VARCHAR2(60);Fornecedor;atributo - razão social;S
ESTOQUE-PRODUTOS;PCFORNEC;dimensao;FANTASIA;VARCHAR2(60);Fantasia;atributo;N
ESTOQUE-PRODUTOS;PCFORNEC;dimensao;CGC;VARCHAR2(18);CNPJ/CPF;documento CNPJ/CPF;S
ESTOQUE-PRODUTOS;PCFORNEC;dimensao;ENDER;VARCHAR2(40);Endereço;endereço;S
ESTOQUE-PRODUTOS;PCFORNEC;dimensao;EMAIL;VARCHAR2(100);E-Mail;e-mail;S
ESTOQUE-PRODUTOS;PCTABPR;apoio;NUMREGIAO;NUMBER;;PK;N
ESTOQUE-PRODUTOS;PCTABPR;apoio;CODPROD;NUMBER;;PK / FK PCPRODUT;N
ESTOQUE-PRODUTOS;PCTABPR;apoio;PVENDA;NUMBER;;medida - preço de venda vigente;N
ESTOQUE-PRODUTOS;PCTABPR;apoio;PTABELA;NUMBER;;medida - preço de tabela;N
ESTOQUE-PRODUTOS;PCTABPR;apoio;MARGEM;NUMBER;;medida - margem cadastrada;N
ESTOQUE-PRODUTOS;PCMOV;fato;CODPROD;NUMBER;;FK PCPRODUT (NOT NULL);N
ESTOQUE-PRODUTOS;PCMOV;fato;CODFILIAL;VARCHAR2(2);;chave (NOT NULL);N
ESTOQUE-PRODUTOS;PCMOV;fato;DTMOV;DATE;;data do movimento;N
ESTOQUE-PRODUTOS;PCMOV;fato;CODOPER;VARCHAR2(2);;tipo de operação (S*/E*);N
ESTOQUE-PRODUTOS;PCMOV;fato;QT;NUMBER;;medida - quantidade;N
ESTOQUE-PRODUTOS;PCMOV;fato;PUNIT;NUMBER;;medida - preço unitário (substitui o PVENDA do esboço);N
ESTOQUE-PRODUTOS;PCMOV;fato;CUSTOREAL;NUMBER;;medida - custo real unitário;N
ESTOQUE-PRODUTOS;PCMOV;fato;CUSTOFIN;NUMBER;;medida - custo financeiro unitário;N
ESTOQUE-PRODUTOS;PCMOV;fato;DTCANCEL;DATE;;filtro - movimento cancelado quando não nula;N
COMPRAS-SUPRIMENTOS;PCNFENT;fato;NUMTRANSENT;NUMBER;;"id da transação de entrada; liga a PCMOV, PCNFBASEENT, PCNFENTXML, PCNFENTPISCOFINS";N
COMPRAS-SUPRIMENTOS;PCNFENT;fato;CODCONT;NUMBER;;conta contábil (parte da PK);N
COMPRAS-SUPRIMENTOS;PCNFENT;fato;NUMNOTA;NUMBER;;número da NF;N
COMPRAS-SUPRIMENTOS;PCNFENT;fato;SERIE;VARCHAR2(3);;série da NF;N
COMPRAS-SUPRIMENTOS;PCNFENT;fato;DTENT;DATE;;data de entrada (data-base dos KPIs);N
COMPRAS-SUPRIMENTOS;PCNFENT;fato;DTEMISSAO;DATE;;data de emissão da NF;N
COMPRAS-SUPRIMENTOS;PCNFENT;fato;CODFORNEC;NUMBER;;FK fornecedor (PCFORNEC);N
COMPRAS-SUPRIMENTOS;PCNFENT;fato;CODFILIAL;VARCHAR2(2);;filial;N
COMPRAS-SUPRIMENTOS;PCNFENT;fato;VLTOTAL;NUMBER;;valor total da nota (medida);N
COMPRAS-SUPRIMENTOS;PCNFENT;fato;VLFRETE;NUMBER;;frete da nota;N
COMPRAS-SUPRIMENTOS;PCNFENT;fato;VLDESCONTO;NUMBER;;desconto;N
COMPRAS-SUPRIMENTOS;PCNFENT;fato;CHAVENFE;VARCHAR2(45);;chave da NF-e;N
COMPRAS-SUPRIMENTOS;PCNFENT;fato;CGC;VARCHAR2(18);CNPJ/CPF do emitente;documento do emitente;S
COMPRAS-SUPRIMENTOS;PCMOV;fato;NUMTRANSITEM;NUMBER;;id único do item de movimentação;N
COMPRAS-SUPRIMENTOS;PCMOV;fato;NUMTRANSENT;NUMBER;;FK para PCNFENT (nota de entrada);N
COMPRAS-SUPRIMENTOS;PCMOV;fato;CODOPER;VARCHAR2(2);;"tipo de operação (E*=entrada, S*=saída); filtro central do módulo";N
COMPRAS-SUPRIMENTOS;PCMOV;fato;DTMOV;DATE;;data do movimento;N
COMPRAS-SUPRIMENTOS;PCMOV;fato;CODPROD;NUMBER;;FK produto (PCPRODUT);N
COMPRAS-SUPRIMENTOS;PCMOV;fato;CODFORNEC;NUMBER;;FK fornecedor;N
COMPRAS-SUPRIMENTOS;PCMOV;fato;CODFILIAL;VARCHAR2(2);;filial;N
COMPRAS-SUPRIMENTOS;PCMOV;fato;QT;NUMBER;;quantidade (medida);N
COMPRAS-SUPRIMENTOS;PCMOV;fato;QTCONT;NUMBER;;quantidade contábil (medida);N
COMPRAS-SUPRIMENTOS;PCMOV;fato;PUNIT;NUMBER;;preço unitário;N
COMPRAS-SUPRIMENTOS;PCMOV;fato;PUNITCONT;NUMBER;;preço unitário contábil (candidato a valor de entrada);N
COMPRAS-SUPRIMENTOS;PCMOV;fato;NUMPED;NUMBER;;nº do pedido (nas entradas, candidato a FK PCPEDIDO.NUMPED — validar);N
COMPRAS-SUPRIMENTOS;PCMOV;fato;CUSTOFIN;NUMBER;;custo financeiro;N
COMPRAS-SUPRIMENTOS;PCMOV;fato;CUSTOREAL;NUMBER;;custo real;N
COMPRAS-SUPRIMENTOS;PCPEDIDO;fato;NUMPED;NUMBER;;"PK; liga a PCITEM.NUMPED e (a validar) PCMOV.NUMPED";N
COMPRAS-SUPRIMENTOS;PCPEDIDO;fato;DTEMISSAO;DATE;;data de emissão do pedido;N
COMPRAS-SUPRIMENTOS;PCPEDIDO;fato;CODFORNEC;NUMBER;;FK fornecedor (NOT NULL);N
COMPRAS-SUPRIMENTOS;PCPEDIDO;fato;CODFILIAL;VARCHAR2(2);;filial;N
COMPRAS-SUPRIMENTOS;PCPEDIDO;fato;CODCOMPRADOR;NUMBER;;FK comprador (PCEMPR.MATRICULA);N
COMPRAS-SUPRIMENTOS;PCPEDIDO;fato;VLTOTAL;NUMBER;;valor total do pedido (medida);N
COMPRAS-SUPRIMENTOS;PCPEDIDO;fato;VLENTREGUE;NUMBER;;valor já entregue (medida de atendimento);N
COMPRAS-SUPRIMENTOS;PCPEDIDO;fato;DTPREVENT;DATE;;data prevista de entrega;N
COMPRAS-SUPRIMENTOS;PCPEDIDO;fato;DTENTRADAESTOQUE;DATE;;data de entrada em estoque (fim do lead time);N
COMPRAS-SUPRIMENTOS;PCPEDIDO;fato;DTFATUR;DATE;;data de faturamento pelo fornecedor;N
COMPRAS-SUPRIMENTOS;PCPEDIDO;fato;CODPLPAG;NUMBER;;plano de pagamento;N
COMPRAS-SUPRIMENTOS;PCITEM;fato;NUMPED;NUMBER;;FK PCPEDIDO;N
COMPRAS-SUPRIMENTOS;PCITEM;fato;CODPROD;NUMBER;;FK produto;N
COMPRAS-SUPRIMENTOS;PCITEM;fato;NUMSEQ;NUMBER;;sequência do item;N
COMPRAS-SUPRIMENTOS;PCITEM;fato;QTPEDIDA;NUMBER;;quantidade pedida (medida);N
COMPRAS-SUPRIMENTOS;PCITEM;fato;QTENTREGUE;NUMBER;;quantidade entregue (medida);N
COMPRAS-SUPRIMENTOS;PCITEM;fato;PCOMPRA;NUMBER;;preço de compra negociado;N
COMPRAS-SUPRIMENTOS;PCITEM;fato;PTABELA;NUMBER;;preço de tabela do fornecedor;N
COMPRAS-SUPRIMENTOS;PCITEM;fato;DATAENTREGA;DATE;;data de entrega do item (atenção: é DATAENTREGA, não DTENTREGA);N
COMPRAS-SUPRIMENTOS;PCFORNEC;dimensao;CODFORNEC;NUMBER;Código;PK;N
COMPRAS-SUPRIMENTOS;PCFORNEC;dimensao;FORNECEDOR;VARCHAR2(60);Fornecedor;razão social;S
COMPRAS-SUPRIMENTOS;PCFORNEC;dimensao;FANTASIA;VARCHAR2(60);Fantasia;nome fantasia;N
COMPRAS-SUPRIMENTOS;PCFORNEC;dimensao;CGC;VARCHAR2(18);CNPJ/CPF;documento;S
COMPRAS-SUPRIMENTOS;PCFORNEC;dimensao;IE;VARCHAR2(15);Inscrição Estadual;inscrição estadual;S
COMPRAS-SUPRIMENTOS;PCFORNEC;dimensao;ENDER;VARCHAR2(40);Endereço;endereço;S
COMPRAS-SUPRIMENTOS;PCFORNEC;dimensao;CIDADE;VARCHAR2(15);Cidade;cidade;N
COMPRAS-SUPRIMENTOS;PCFORNEC;dimensao;ESTADO;VARCHAR2(2);UF;UF;N
COMPRAS-SUPRIMENTOS;PCFORNEC;dimensao;CEP;VARCHAR2(11);CEP;CEP;S
COMPRAS-SUPRIMENTOS;PCFORNEC;dimensao;TELCOB;VARCHAR2(13);Telefone;telefone;S
COMPRAS-SUPRIMENTOS;PCFORNEC;dimensao;EMAIL;VARCHAR2(100);E-Mail;e-mail;S
COMPRAS-SUPRIMENTOS;PCFORNEC;dimensao;CONTATO;VARCHAR2(40);Contato;nome do contato;S
COMPRAS-SUPRIMENTOS;PCFORNEC;dimensao;PRAZOENTREGA;NUMBER;Prazo entrega - Lead Time (dias);lead time cadastral para comparar com o realizado;N
COMPRAS-SUPRIMENTOS;PCFORNEC;dimensao;CODCOMPRADOR;NUMBER;Comprador;FK PCEMPR;N
COMPRAS-SUPRIMENTOS;PCFORNEC;dimensao;TIPOFORNEC;VARCHAR2(1);Tipo fornecedor;classificação;N
COMPRAS-SUPRIMENTOS;PCFORNEC;dimensao;DTCADASTRO;DATE;Data Cadastro;data de cadastro;N
COMPRAS-SUPRIMENTOS;PCFORNECFILIAL;apoio;CODFORNEC;NUMBER;;FK PCFORNEC (FK declarada);N
COMPRAS-SUPRIMENTOS;PCFORNECFILIAL;apoio;CODFILIAL;VARCHAR2;;filial;N
COMPRAS-SUPRIMENTOS;PCEMPR;dimensao;MATRICULA;NUMBER;Matrícula;PK;N
COMPRAS-SUPRIMENTOS;PCEMPR;dimensao;NOME;VARCHAR2(40);Nome;nome do funcionário;S
COMPRAS-SUPRIMENTOS;PCEMPR;dimensao;CPF;VARCHAR2(20);CPF;documento;S
COMPRAS-SUPRIMENTOS;PCEMPR;dimensao;CODFILIAL;VARCHAR2(2);Cód. da filial;filial;N
COMPRAS-SUPRIMENTOS;PCMOVCOMPLE;apoio;NUMTRANSITEM;NUMBER;;PK e FK para PCMOV;N
COMPRAS-SUPRIMENTOS;PCNFENTPREENT;apoio;NUMTRANSENT;NUMBER;;id da pré-entrada;N
COMPRAS-SUPRIMENTOS;PCNFENTPREENT;apoio;CODCONT;NUMBER;;conta contábil;N
COMPRAS-SUPRIMENTOS;PCMOVPREENT;apoio;NUMTRANSENT;NUMBER;;FK pré-entrada (NOT NULL);N
COMPRAS-SUPRIMENTOS;PCMOVPREENT;apoio;NUMTRANSITEM;NUMBER;;id do item;N
COMPRAS-SUPRIMENTOS;PCMOVPREENT;apoio;CODPROD;NUMBER;;produto;N
COMPRAS-SUPRIMENTOS;PCMOVPREENT;apoio;QT;NUMBER;;quantidade;N
COMPRAS-SUPRIMENTOS;PCNFBASEENT;apoio;NUMTRANSENT;NUMBER;;FK PCNFENT;N
COMPRAS-SUPRIMENTOS;PCNFBASEENT;apoio;VLBASE;NUMBER;;valor da base de cálculo;N
COMPRAS-SUPRIMENTOS;PCNFENTXML;log;NUMTRANSENT;NUMBER;;FK PCNFENT;N
COMPRAS-SUPRIMENTOS;PCNFENTXML;log;CHAVENFE;VARCHAR2(44);;chave da NF-e;N
COMPRAS-SUPRIMENTOS;PCNFENTPISCOFINS;apoio;NUMTRANSENT;NUMBER;;FK PCNFENT;N
COMPRAS-SUPRIMENTOS;PCNFENTFRETE;apoio;NUMTRANSENT;NUMBER;;transação do frete;N
COMPRAS-SUPRIMENTOS;PCNFENTFRETE;apoio;NUMTRANSENTNF;NUMBER;;transação da nota de mercadoria vinculada;N
COMPRAS-SUPRIMENTOS;PCNFENTFRETE;apoio;VLTOTALFRETE;NUMBER;;valor do frete (medida);N
COMPRAS-SUPRIMENTOS;PCNFENTFRETE;apoio;CODFORNEC;NUMBER;;transportadora (FK PCFORNEC);N
COMPRAS-SUPRIMENTOS;PCITEMLOG;log;NUMPED;NUMBER;;FK PCPEDIDO;N
COMPRAS-SUPRIMENTOS;PCPEDIDOLOG;log;NUMPED;NUMBER;;FK PCPEDIDO;N
FINANCEIRO-CR;PCPREST;fato;NUMTRANSVENDA;NUMBER;;PK (1) e elo com a venda (PCNFSAID.NUMTRANSVENDA);N
FINANCEIRO-CR;PCPREST;fato;PREST;VARCHAR2(2);;PK (2) — número da prestação/parcela;N
FINANCEIRO-CR;PCPREST;fato;CODCLI;NUMBER;;FK para PCCLIENT (devedor);N
FINANCEIRO-CR;PCPREST;fato;CODFILIAL;VARCHAR2(2);;filial do título (atenção à filial 99 consolidadora);N
FINANCEIRO-CR;PCPREST;fato;DUPLIC;NUMBER;;número da duplicata/nota;N
FINANCEIRO-CR;PCPREST;fato;VALOR;NUMBER;;valor original do título (NOT NULL);N
FINANCEIRO-CR;PCPREST;fato;VPAGO;NUMBER;;valor pago na baixa (nullable);N
FINANCEIRO-CR;PCPREST;fato;DTEMISSAO;DATE;;data de emissão (base do PMR/DSO);N
FINANCEIRO-CR;PCPREST;fato;DTVENC;DATE;;vencimento vigente (base do aging);N
FINANCEIRO-CR;PCPREST;fato;DTVENCORIG;DATE;;vencimento original (antes de prorrogações);N
FINANCEIRO-CR;PCPREST;fato;DTPAG;DATE;;"data de pagamento; NULL = título em aberto (regra validada na base)";N
FINANCEIRO-CR;PCPREST;fato;CODCOB;VARCHAR2(4);;"FK para PCCOB (tipo de cobrança); usar para excluir cobranças internas";N
FINANCEIRO-CR;PCPREST;fato;STATUS;VARCHAR2(1);;situação do título — domínio não documentado, validar na base;N
FINANCEIRO-CR;PCPREST;fato;CODUSUR;NUMBER;;RCA responsável (FK PCUSUARI) — corte por vendedor;N
FINANCEIRO-CR;PCPREST;fato;DTCANCEL;DATE;;data de cancelamento — excluir cancelados da carteira;N
FINANCEIRO-CR;PCPREST;fato;TXPERM;NUMBER;;taxa de permanência/juros do título;N
FINANCEIRO-CR;PCPREST;fato;CGCCPFCH;VARCHAR2(18);;CPF/CNPJ do emitente do cheque;S
FINANCEIRO-CR;PCMOVCR;fato;NUMTRANS;NUMBER;;identificador do lançamento (PK candidata, NOT NULL);N
FINANCEIRO-CR;PCMOVCR;fato;DATA;DATE;;data do lançamento;N
FINANCEIRO-CR;PCMOVCR;fato;CODBANCO;NUMBER;;FK para PCBANCO (caixa/banco);N
FINANCEIRO-CR;PCMOVCR;fato;CODCOB;VARCHAR2(4);;FK para PCCOB;N
FINANCEIRO-CR;PCMOVCR;fato;VALOR;NUMBER;;valor do lançamento;N
FINANCEIRO-CR;PCMOVCR;fato;TIPO;VARCHAR2(1);;tipo do lançamento (C/D? domínio a validar);N
FINANCEIRO-CR;PCMOVCR;fato;HISTORICO;VARCHAR2(200);;descrição do lançamento;N
FINANCEIRO-CR;PCMOVCR;fato;CODCLI;NUMBER;;cliente relacionado (nullable);N
FINANCEIRO-CR;PCMOVCR;fato;DUPLICBAIXA;NUMBER;;duplicata baixada — elo com PCPREST;N
FINANCEIRO-CR;PCMOVCR;fato;PRESTBAIXA;VARCHAR2(2);;prestação baixada — elo com PCPREST.PREST;N
FINANCEIRO-CR;PCMOVCR;fato;DTESTORNO;DATE;;estorno do lançamento (excluir estornados);N
FINANCEIRO-CR;PCMOVCR;fato;CODFILIAL;VARCHAR2(2);;filial;N
FINANCEIRO-CR;PCCOB;dimensao;CODCOB;VARCHAR2(4);Código;PK;N
FINANCEIRO-CR;PCCOB;dimensao;COBRANCA;VARCHAR2(30);Nome;nome da cobrança;N
FINANCEIRO-CR;PCCOB;dimensao;BOLETO;VARCHAR2(1);Boleto bancário;flag boleto bancário;N
FINANCEIRO-CR;PCCOB;dimensao;CARTAO;VARCHAR2(1);Cartão de crédito;flag cartão de crédito;N
FINANCEIRO-CR;PCCOB;dimensao;TXJUROS;NUMBER;Taxa de juros;taxa de juros da cobrança;N
FINANCEIRO-CR;PCCOB;dimensao;CODFILIAL;VARCHAR2(2);Filial;restrição de filial da cobrança;N
FINANCEIRO-CR;PCPLPAG;dimensao;CODPLPAG;NUMBER;Código;PK;N
FINANCEIRO-CR;PCPLPAG;dimensao;DESCRICAO;VARCHAR2(40);Descrição;nome do plano;N
FINANCEIRO-CR;PCPLPAG;dimensao;NUMDIAS;NUMBER;Prazo médio;prazo médio do plano em dias (comparar com PMR real);N
FINANCEIRO-CR;PCPLPAG;dimensao;NUMPARCELAS;NUMBER;Quantidade de parcelas;quantidade de parcelas;N
FINANCEIRO-CR;PCPLPAG;dimensao;PRAZO1;NUMBER;Número de dias 1;dias da 1ª parcela (PRAZO1..PRAZO12);N
FINANCEIRO-CR;PCPLPAG;dimensao;FORMAPARCELAMENTO;VARCHAR2(1);Tipo parcelamento;tipo de parcelamento;N
FINANCEIRO-CR;PCCLIENT;dimensao;CODCLI;NUMBER;Código;PK;N
FINANCEIRO-CR;PCCLIENT;dimensao;CLIENTE;VARCHAR2(60);Cliente;razão social / nome;S
FINANCEIRO-CR;PCCLIENT;dimensao;FANTASIA;VARCHAR2(40);Fantasia;nome fantasia;S
FINANCEIRO-CR;PCCLIENT;dimensao;CGCENT;VARCHAR2(18);CNPJ/CPF;CNPJ/CPF;S
FINANCEIRO-CR;PCCLIENT;dimensao;LIMCRED;NUMBER;Limite de crédito;limite de crédito (base p/ % utilização);N
FINANCEIRO-CR;PCCLIENT;dimensao;BLOQUEIO;VARCHAR2(1);Bloqueio;flag de bloqueio do cliente;N
FINANCEIRO-CR;PCCLIENT;dimensao;DTBLOQ;DATE;Data de Bloqueio;data do bloqueio;N
FINANCEIRO-CR;PCCLIENT;dimensao;CODUSUR1;NUMBER;RCA 1;RCA titular (FK PCUSUARI);N
FINANCEIRO-CR;PCCLIENT;dimensao;CODPLPAG;NUMBER;Plano de Pagamento;plano de pagamento padrão (FK PCPLPAG);N
FINANCEIRO-CR;PCCLIENT;dimensao;CODCOB;VARCHAR2(4);Código cobrança;cobrança padrão (FK PCCOB);N
FINANCEIRO-CR;PCCLIENT;dimensao;TELCOB;VARCHAR2(13);Telefone Cobrança;telefone de cobrança;S
FINANCEIRO-CR;PCCLIENT;dimensao;TELENT;VARCHAR2(13);Telefone Comercial;telefone comercial;S
FINANCEIRO-CR;PCCLIENT;dimensao;EMAIL;VARCHAR2(100);E-mail;e-mail;S
FINANCEIRO-CR;PCCLIENT;dimensao;EMAILNFE;VARCHAR2(3500);E-mail NF-e;e-mail NF-e;S
FINANCEIRO-CR;PCCLIENT;dimensao;ENDERENT;VARCHAR2(40);Endereço Comercial;endereço comercial (idem BAIRROENT/MUNICENT/ESTENT/CEPENT);S
FINANCEIRO-CR;PCCRECLI;fato;CODIGO;NUMBER;;PK;N
FINANCEIRO-CR;PCCRECLI;fato;CODCLI;NUMBER;;FK para PCCLIENT;N
FINANCEIRO-CR;PCCRECLI;fato;DTLANC;DATE;;data do lançamento do crédito;N
FINANCEIRO-CR;PCCRECLI;fato;VALOR;NUMBER;;valor do crédito;N
FINANCEIRO-CR;PCCRECLI;fato;SITUACAO;VARCHAR2(1);;situação do crédito (domínio a validar);N
FINANCEIRO-CR;PCCRECLI;fato;NUMTRANSVENDA;NUMBER;;venda de origem;N
FINANCEIRO-CR;PCCRECLI;fato;ORIGEM;VARCHAR2(1);;origem do crédito;N
FINANCEIRO-CR;PCBANCO;dimensao;CODBANCO;NUMBER;Código Banco;PK;N
FINANCEIRO-CR;PCBANCO;dimensao;NOME;VARCHAR2(30);Nome Banco;nome do banco/caixa;N
FINANCEIRO-CR;PCBANCO;dimensao;TIPOCXBCO;VARCHAR2(1);Tipo Banco;tipo (caixa ou banco);N
FINANCEIRO-CR;PCBANCO;dimensao;CODFILIAL;VARCHAR2(2);Código Filial;filial (99 = todas);N
FINANCEIRO-CR;PCOCORBC;apoio;NUMBANCO;NUMBER;Nº do banco;número do banco;N
FINANCEIRO-CR;PCOCORBC;apoio;CODOCORRENCIA;VARCHAR2(3);Código;código da ocorrência;N
FINANCEIRO-CR;PCOCORBC;apoio;OCORRENCIA;VARCHAR2(100);Ocorrência;descrição da ocorrência;N
FINANCEIRO-CR;PCOCORBC;apoio;BAIXA;VARCHAR2(1);Baixa;flag: ocorrência gera baixa;N
FINANCEIRO-PCFINANC;PCLANC;fato;RECNUM;NUMBER;;PK, id do lançamento;N
FINANCEIRO-PCFINANC;PCLANC;fato;CODFILIAL;VARCHAR2;;filial (verificar uso de '99');N
FINANCEIRO-PCFINANC;PCLANC;fato;CODCONTA;NUMBER;;FK conta gerencial → PCCONTA;N
FINANCEIRO-PCFINANC;PCLANC;fato;CODFORNEC;NUMBER;;FK fornecedor → PCFORNEC;N
FINANCEIRO-PCFINANC;PCLANC;fato;NUMNOTA;NUMBER;;nº da nota;N
FINANCEIRO-PCFINANC;PCLANC;fato;DUPLIC;VARCHAR2;;nº duplicata/parcela;N
FINANCEIRO-PCFINANC;PCLANC;fato;VALOR;NUMBER;;valor do título;N
FINANCEIRO-PCFINANC;PCLANC;fato;VPAGO;NUMBER;;valor pago (hipótese: nulo/0 se aberto);N
FINANCEIRO-PCFINANC;PCLANC;fato;DTEMISSAO;DATE;;data de emissão;N
FINANCEIRO-PCFINANC;PCLANC;fato;DTVENC;DATE;;data de vencimento;N
FINANCEIRO-PCFINANC;PCLANC;fato;DTPAGTO;DATE;;data de pagamento (hipótese: nula = em aberto, análogo a PCPREST.DTPAG);N
FINANCEIRO-PCFINANC;PCLANC;fato;DTCANCEL;DATE;;data de cancelamento (excluir dos KPIs);N
FINANCEIRO-PCFINANC;PCLANC;fato;DTCOMPETENCIA;DATE;;competência contábil-gerencial;N
FINANCEIRO-PCFINANC;PCLANC;fato;TIPOLANC;VARCHAR2;;tipo de lançamento (domínio desconhecido — pendência);N
FINANCEIRO-PCFINANC;PCLANC;fato;HISTORICO;VARCHAR2;;histórico/descrição;N
FINANCEIRO-PCFINANC;PCLANC;fato;NUMTRANSENT;NUMBER;;vínculo com entrada de NF (PCNFENT);N
FINANCEIRO-PCFINANC;PCFINANC;snapshot;DATA;DATE;;PK, dia da posição;N
FINANCEIRO-PCFINANC;PCFINANC;snapshot;CODFILIAL;VARCHAR2;;PK, filial (99 pode ser consolidado);N
FINANCEIRO-PCFINANC;PCFINANC;snapshot;SALDOCP;NUMBER;;hipótese: saldo do contas a pagar;N
FINANCEIRO-PCFINANC;PCFINANC;snapshot;SALDOCPOUTROS;NUMBER;;hipótese: CAP outros lançamentos;N
FINANCEIRO-PCFINANC;PCFINANC;snapshot;SALDOCR;NUMBER;;hipótese: saldo do contas a receber;N
FINANCEIRO-PCFINANC;PCFINANC;snapshot;SALDOBCO;NUMBER;;hipótese: saldo em bancos;N
FINANCEIRO-PCFINANC;PCFINANC;snapshot;SALDOCX;NUMBER;;hipótese: saldo em caixa;N
FINANCEIRO-PCFINANC;PCFINANC;snapshot;VENDAREAL;NUMBER;;hipótese: venda realizada no dia;N
FINANCEIRO-PCFINANC;PCFINANC;snapshot;RECEBREAL;NUMBER;;hipótese: recebimento realizado no dia;N
FINANCEIRO-PCFINANC;PCFINANC;snapshot;DTGERACAO;DATE;;quando a foto foi gerada;N
FINANCEIRO-PCFINANC;PCFINANC2;snapshot;DATA;DATE;;PK, dia da posição;N
FINANCEIRO-PCFINANC;PCFINANC2;snapshot;CODFILIAL;VARCHAR2;;PK, filial;N
FINANCEIRO-PCFINANC;PCFINANC2;snapshot;TIPODADO;VARCHAR2;;PK, tipo do dado detalhado (domínio desconhecido);N
FINANCEIRO-PCFINANC;PCFINANC2;snapshot;CODIGON;NUMBER;;PK, código numérico da entidade;N
FINANCEIRO-PCFINANC;PCFINANC2;snapshot;CODIGOA;VARCHAR2;;PK, código alfanumérico da entidade;N
FINANCEIRO-PCFINANC;PCFINANC2;snapshot;VALOR;NUMBER;;valor do item;N
FINANCEIRO-PCFINANC;PCFINANC2;snapshot;VALOR2;NUMBER;;segundo valor (semântica desconhecida);N
FINANCEIRO-PCFINANC;PCFINANC3PREST;snapshot;DATAREFERENCIA;DATE;;PK, data da foto;N
FINANCEIRO-PCFINANC;PCFINANC3PREST;snapshot;CODROTINAGERACAO;NUMBER;;PK, rotina Winthor que gerou;N
FINANCEIRO-PCFINANC;PCFINANC3PREST;snapshot;TIPODADO;VARCHAR2;;PK, tipo (domínio desconhecido);N
FINANCEIRO-PCFINANC;PCFINANC3PREST;snapshot;NUMTRANSVENDA;NUMBER;;PK, transação de venda → PCPREST/PCNFSAID;N
FINANCEIRO-PCFINANC;PCFINANC3PREST;snapshot;PREST;VARCHAR2;;PK, nº da prestação;N
FINANCEIRO-PCFINANC;PCFINANC3PREST;snapshot;VALOR;NUMBER;;valor do título;N
FINANCEIRO-PCFINANC;PCFINANC3PREST;snapshot;DTVENC;DATE;;vencimento;N
FINANCEIRO-PCFINANC;PCFINANC3PREST;snapshot;DTPAG;DATE;;pagamento (nula = aberto, padrão PCPREST validado);N
FINANCEIRO-PCFINANC;PCFINANC3PREST;snapshot;CODCOB;VARCHAR2;;código de cobrança;N
FINANCEIRO-PCFINANC;PCFINANC3LANCFORNEC;snapshot;DATAREFERENCIA;DATE;;PK, data da foto;N
FINANCEIRO-PCFINANC;PCFINANC3LANCFORNEC;snapshot;CODROTINAGERACAO;NUMBER;;PK, rotina geradora;N
FINANCEIRO-PCFINANC;PCFINANC3LANCFORNEC;snapshot;TIPODADO;VARCHAR2;;PK, tipo (domínio desconhecido);N
FINANCEIRO-PCFINANC;PCFINANC3LANCFORNEC;snapshot;RECNUM;NUMBER;;PK, lançamento → PCLANC.RECNUM;N
FINANCEIRO-PCFINANC;PCFINANC3LANCFORNEC;snapshot;CODFORNEC;NUMBER;;PK, fornecedor → PCFORNEC;N
FINANCEIRO-PCFINANC;PCFINANC3LANCFORNEC;snapshot;CODCONTA;NUMBER;;conta gerencial → PCCONTA;N
FINANCEIRO-PCFINANC;PCFINANC3LANCFORNEC;snapshot;CODGRUPO;NUMBER;;grupo → PCGRUPO;N
FINANCEIRO-PCFINANC;PCFINANC3LANCFORNEC;snapshot;VALOR;NUMBER;;valor do título;N
FINANCEIRO-PCFINANC;PCFINANC3LANCFORNEC;snapshot;DTVENC;DATE;;vencimento;N
FINANCEIRO-PCFINANC;PCFINANC3LANCFORNEC;snapshot;DTPAGTO;DATE;;pagamento (hipótese: nula = aberto);N
FINANCEIRO-PCFINANC;PCFINANC3LANCOUTROS;snapshot;DATAREFERENCIA;DATE;;PK, data da foto;N
FINANCEIRO-PCFINANC;PCFINANC3LANCOUTROS;snapshot;RECNUM;NUMBER;;PK, lançamento → PCLANC.RECNUM;N
FINANCEIRO-PCFINANC;PCFINANC3LANCOUTROS;snapshot;TIPODADO;VARCHAR2;;PK, tipo (domínio desconhecido);N
FINANCEIRO-PCFINANC;PCFINANC3LANCOUTROS;snapshot;CODCONTA;NUMBER;;conta gerencial → PCCONTA;N
FINANCEIRO-PCFINANC;PCFINANC3LANCOUTROS;snapshot;CODFORNEC;NUMBER;;fornecedor (fora da PK aqui);N
FINANCEIRO-PCFINANC;PCFINANC3LANCOUTROS;snapshot;VALOR;NUMBER;;valor;N
FINANCEIRO-PCFINANC;PCFINANC3LANCOUTROS;snapshot;DTVENC;DATE;;vencimento;N
FINANCEIRO-PCFINANC;PCFINANC3LANCOUTROS;snapshot;DTPAGTO;DATE;;pagamento;N
FINANCEIRO-PCFINANC;PCFINANC3LANCOUTROS;snapshot;INVESTIMENTO;VARCHAR2;;flag investimento (S/N, hipótese);N
FINANCEIRO-PCFINANC;PCFINANC3VERBAS;snapshot;DATAREFERENCIA;DATE;;PK, data da foto;N
FINANCEIRO-PCFINANC;PCFINANC3VERBAS;snapshot;CODFORNEC;NUMBER;;PK, fornecedor → PCFORNEC;N
FINANCEIRO-PCFINANC;PCFINANC3VERBAS;snapshot;NUMVERBA;NUMBER;;PK, verba → PCVERBA.NUMVERBA;N
FINANCEIRO-PCFINANC;PCFINANC3VERBAS;snapshot;NUMTRANSCRFOR;NUMBER;;PK, movimento → PCMOVCRFOR.NUMTRANSCRFOR;N
FINANCEIRO-PCFINANC;PCFINANC3VERBAS;snapshot;TIPO;VARCHAR2;;tipo da verba (domínio desconhecido);N
FINANCEIRO-PCFINANC;PCFINANC3VERBAS;snapshot;VALOR;NUMBER;;valor;N
FINANCEIRO-PCFINANC;PCFINANC3VERBAS;snapshot;DTVENC;DATE;;vencimento;N
FINANCEIRO-PCFINANC;PCCONTA;dimensao;CODCONTA;NUMBER;Código da conta;PK;N
FINANCEIRO-PCFINANC;PCCONTA;dimensao;CONTA;VARCHAR2;Nome da conta;nome;N
FINANCEIRO-PCFINANC;PCCONTA;dimensao;GRUPOCONTA;NUMBER;Código do grupo;FK → PCGRUPO.CODGRUPO;N
FINANCEIRO-PCFINANC;PCCONTA;dimensao;TIPO;VARCHAR2;Tipo de conta;tipo de conta;N
FINANCEIRO-PCFINANC;PCCONTA;dimensao;FIXAVARIAVEL;VARCHAR2;Tipo fixa/variável;despesa fixa/variável;N
FINANCEIRO-PCFINANC;PCCONTA;dimensao;INVESTIMENTO;VARCHAR2;Conta de investimento?;conta de investimento?;N
FINANCEIRO-PCFINANC;PCGRUPO;dimensao;CODGRUPO;NUMBER;Código;PK;N
FINANCEIRO-PCFINANC;PCGRUPO;dimensao;GRUPO;VARCHAR2;Nome do grupo;nome do grupo;N
FINANCEIRO-PCFINANC;PCFORNEC;dimensao;CODFORNEC;NUMBER;Código;PK;N
FINANCEIRO-PCFINANC;PCFORNEC;dimensao;FORNECEDOR;VARCHAR2;Fornecedor;razão social;S
FINANCEIRO-PCFINANC;PCFORNEC;dimensao;FANTASIA;VARCHAR2;Fantasia;nome fantasia;S
FINANCEIRO-PCFINANC;PCFORNEC;dimensao;CGC;VARCHAR2;CNPJ/CPF;documento fiscal;S
FINANCEIRO-PCFINANC;PCFORNEC;dimensao;ENDER;VARCHAR2;Endereço;endereço;S
FINANCEIRO-PCFINANC;PCFORNEC;dimensao;CIDADE;VARCHAR2;Cidade;cidade;S
FINANCEIRO-PCFINANC;PCFORNEC;dimensao;EMAIL;VARCHAR2;E-Mail;e-mail;S
FINANCEIRO-PCFINANC;PCFORNEC;dimensao;TIPOFORNEC;VARCHAR2;Tipo fornecedor;classificação;N
FINANCEIRO-PCFINANC;PCVERBA;fato;NUMVERBA;NUMBER;;PK;N
FINANCEIRO-PCFINANC;PCVERBA;fato;CODFORNEC;NUMBER;;FK → PCFORNEC;N
FINANCEIRO-PCFINANC;PCVERBA;fato;VALOR;NUMBER;;valor da verba;N
FINANCEIRO-PCFINANC;PCVERBA;fato;VPAGO;NUMBER;;valor recebido/compensado;N
FINANCEIRO-PCFINANC;PCVERBA;fato;DTVENC;DATE;;vencimento;N
FINANCEIRO-PCFINANC;PCVERBA;fato;DTQUITACAO;DATE;;quitação (nula = aberta, hipótese);N
FINANCEIRO-PCFINANC;PCVERBA;fato;DTCANCEL;DATE;;cancelamento;N
FINANCEIRO-PCFINANC;PCVERBA;fato;REPFORNEC;VARCHAR2;;nome do representante;S
FINANCEIRO-PCFINANC;PCVERBA;fato;CPFREPFORNEC;VARCHAR2;;CPF do representante;S
FINANCEIRO-PCFINANC;PCVERBA;fato;RGREPFORNEC;VARCHAR2;;RG do representante;S
FINANCEIRO-PCFINANC;PCMOVCRFOR;fato;NUMTRANSCRFOR;NUMBER;;PK, id do movimento;N
FINANCEIRO-PCFINANC;PCMOVCRFOR;fato;CODFILIAL;VARCHAR2;;PK, filial;N
FINANCEIRO-PCFINANC;PCMOVCRFOR;fato;CODFORNEC;NUMBER;;FK → PCFORNEC;N
FINANCEIRO-PCFINANC;PCMOVCRFOR;fato;NUMVERBA;NUMBER;;FK → PCVERBA;N
FINANCEIRO-PCFINANC;PCMOVCRFOR;fato;VALOR;NUMBER;;valor do movimento;N
FINANCEIRO-PCFINANC;PCMOVCRFOR;fato;VLSALDO;NUMBER;;saldo remanescente;N
FINANCEIRO-PCFINANC;PCMOVCRFOR;fato;TIPO;VARCHAR2;;tipo do movimento (domínio desconhecido);N
FINANCEIRO-PCFINANC;PCBANCO;dimensao;CODBANCO;NUMBER;Código Banco;PK;N
FINANCEIRO-PCFINANC;PCBANCO;dimensao;NOME;VARCHAR2;Nome Banco;nome;N
FINANCEIRO-PCFINANC;PCBANCO;dimensao;TIPOCXBCO;VARCHAR2;Tipo Banco;tipo caixa/banco;N
FINANCEIRO-PCFINANC;PCBANCO;dimensao;FLUXOCX;VARCHAR2;Exibir no fluxo de caixa;exibe no fluxo de caixa;N
FINANCEIRO-PCFINANC;PCBANCO;dimensao;CODFILIAL;VARCHAR2;Código Filial;filial (99 = todas);N
DIMENSOES-CONFORMADAS;PCFILIAL;dimensao;CODIGO;VARCHAR2;Código;PK (FK nos fatos = CODFILIAL);N
DIMENSOES-CONFORMADAS;PCFILIAL;dimensao;RAZAOSOCIAL;VARCHAR2;Razão social;atributo descritivo;N
DIMENSOES-CONFORMADAS;PCFILIAL;dimensao;FANTASIA;VARCHAR2;Nome de fantasia;atributo descritivo;N
DIMENSOES-CONFORMADAS;PCFILIAL;dimensao;CGC;VARCHAR2;CNPJ;documento fiscal;S
DIMENSOES-CONFORMADAS;PCFILIAL;dimensao;IE;VARCHAR2;Inscrição estadual;documento fiscal;S
DIMENSOES-CONFORMADAS;PCFILIAL;dimensao;ENDERECO;VARCHAR2;Endereço;endereço;S
DIMENSOES-CONFORMADAS;PCFILIAL;dimensao;CIDADE;VARCHAR2;Cidade;atributo geográfico;N
DIMENSOES-CONFORMADAS;PCFILIAL;dimensao;UF;VARCHAR2;UF;atributo geográfico;N
DIMENSOES-CONFORMADAS;PCFILIAL;dimensao;TELEFONE;VARCHAR2;Telefone;contato;S
DIMENSOES-CONFORMADAS;PCFILIAL;dimensao;EMAIL;VARCHAR2;Email;contato;S
DIMENSOES-CONFORMADAS;PCFILIAL;dimensao;DTEXCLUSAO;DATE;;soft delete (ativa quando NULL);N
DIMENSOES-CONFORMADAS;PCPRODUT;dimensao;CODPROD;NUMBER;Código;PK;N
DIMENSOES-CONFORMADAS;PCPRODUT;dimensao;DESCRICAO;VARCHAR2;Descrição;atributo descritivo;N
DIMENSOES-CONFORMADAS;PCPRODUT;dimensao;CODEPTO;NUMBER;Departamento;FK → PCDEPTO (redundante à via CODSEC);N
DIMENSOES-CONFORMADAS;PCPRODUT;dimensao;CODSEC;NUMBER;Seção;FK → PCSECAO (hierarquia produto→seção→depto);N
DIMENSOES-CONFORMADAS;PCPRODUT;dimensao;CODCATEGORIA;NUMBER;Categoria;FK → PCCATEGORIA (junto com CODSEC);N
DIMENSOES-CONFORMADAS;PCPRODUT;dimensao;CODMARCA;NUMBER;Marca;FK → PCMARCA;N
DIMENSOES-CONFORMADAS;PCPRODUT;dimensao;CODFORNEC;NUMBER;Fornecedor;FK → PCFORNEC;N
DIMENSOES-CONFORMADAS;PCPRODUT;dimensao;EMBALAGEM;VARCHAR2;Embalagem;atributo descritivo;N
DIMENSOES-CONFORMADAS;PCPRODUT;dimensao;UNIDADE;VARCHAR2;Unidade de venda;atributo descritivo;N
DIMENSOES-CONFORMADAS;PCPRODUT;dimensao;CODAUXILIAR;NUMBER;Unidade Venda [EAN8, UPC12, EAN13, e DUN14];código de barras;N
DIMENSOES-CONFORMADAS;PCPRODUT;dimensao;NBM;VARCHAR2;NCM;classificação fiscal;N
DIMENSOES-CONFORMADAS;PCPRODUT;dimensao;PESOLIQ;NUMBER;Peso líquido (Kg);métrica física p/ logística;N
DIMENSOES-CONFORMADAS;PCPRODUT;dimensao;DTCADASTRO;DATE;Dt.Cadastro;data de cadastro;N
DIMENSOES-CONFORMADAS;PCPRODUT;dimensao;DTEXCLUSAO;DATE;Data Exclusão;soft delete (ativo quando NULL);N
DIMENSOES-CONFORMADAS;PCCLIENT;dimensao;CODCLI;NUMBER;Código;PK;N
DIMENSOES-CONFORMADAS;PCCLIENT;dimensao;CLIENTE;VARCHAR2;Cliente;nome/razão social;S
DIMENSOES-CONFORMADAS;PCCLIENT;dimensao;FANTASIA;VARCHAR2;Fantasia;nome fantasia;S
DIMENSOES-CONFORMADAS;PCCLIENT;dimensao;CGCENT;VARCHAR2;CNPJ/CPF;documento (CPF se TIPOFJ='F');S
DIMENSOES-CONFORMADAS;PCCLIENT;dimensao;IEENT;VARCHAR2;Insc. Est. / Produtor;documento fiscal;S
DIMENSOES-CONFORMADAS;PCCLIENT;dimensao;TIPOFJ;VARCHAR2;Tipo de Pessoa;PF/PJ — define regra de mascaramento;N
DIMENSOES-CONFORMADAS;PCCLIENT;dimensao;ENDERENT;VARCHAR2;Endereço Comercial;endereço;S
DIMENSOES-CONFORMADAS;PCCLIENT;dimensao;BAIRROENT;VARCHAR2;Bairro;endereço;S
DIMENSOES-CONFORMADAS;PCCLIENT;dimensao;MUNICENT;VARCHAR2;Município;atributo geográfico (agregável);N
DIMENSOES-CONFORMADAS;PCCLIENT;dimensao;ESTENT;VARCHAR2;Estado;atributo geográfico (agregável);N
DIMENSOES-CONFORMADAS;PCCLIENT;dimensao;CEPENT;VARCHAR2;CEP;endereço;S
DIMENSOES-CONFORMADAS;PCCLIENT;dimensao;TELENT;VARCHAR2;Telefone Comercial;contato;S
DIMENSOES-CONFORMADAS;PCCLIENT;dimensao;EMAIL;VARCHAR2;E-mail;contato;S
DIMENSOES-CONFORMADAS;PCCLIENT;dimensao;EMAILNFE;VARCHAR2;E-mail NF-e;contato;S
DIMENSOES-CONFORMADAS;PCCLIENT;dimensao;LATITUDE;VARCHAR2;Latitude;geolocalização precisa;S
DIMENSOES-CONFORMADAS;PCCLIENT;dimensao;LONGITUDE;VARCHAR2;Longitude;geolocalização precisa;S
DIMENSOES-CONFORMADAS;PCCLIENT;dimensao;CODPRACA;NUMBER;Praça;FK → PCPRACA (hierarquia cliente→praça→região);N
DIMENSOES-CONFORMADAS;PCCLIENT;dimensao;CODATV1;NUMBER;Atividade;FK → PCATIVI (ramo);N
DIMENSOES-CONFORMADAS;PCCLIENT;dimensao;CODUSUR1;NUMBER;RCA 1;FK → PCUSUARI (RCA titular da carteira);N
DIMENSOES-CONFORMADAS;PCCLIENT;dimensao;CODPLPAG;NUMBER;Plano de Pagamento;FK → PCPLPAG;N
DIMENSOES-CONFORMADAS;PCCLIENT;dimensao;CODCOB;VARCHAR2;Código cobrança;FK → PCCOB;N
DIMENSOES-CONFORMADAS;PCCLIENT;dimensao;CODCIDADE;NUMBER;Cidade IBGE;FK → PCCIDADE (código IBGE);N
DIMENSOES-CONFORMADAS;PCCLIENT;dimensao;LIMCRED;NUMBER;Limite de crédito;atributo de crédito;N
DIMENSOES-CONFORMADAS;PCCLIENT;dimensao;BLOQUEIO;VARCHAR2;Bloqueio;flag de bloqueio comercial;N
DIMENSOES-CONFORMADAS;PCCLIENT;dimensao;DTCADASTRO;DATE;Data e Hora de Cadastro;data de cadastro (prospecção);N
DIMENSOES-CONFORMADAS;PCCLIENT;dimensao;DTULTCOMP;DATE;Data da Última Compra;recência (inatividade);N
DIMENSOES-CONFORMADAS;PCCLIENT;dimensao;DTEXCLUSAO;DATE;Data de Exclusão;soft delete (ativo quando NULL);N
DIMENSOES-CONFORMADAS;PCCLIENT;dimensao;CODREDE;NUMBER;Rede de Cliente;agrupador de rede;N
DIMENSOES-CONFORMADAS;PCFORNEC;dimensao;CODFORNEC;NUMBER;Código;PK;N
DIMENSOES-CONFORMADAS;PCFORNEC;dimensao;FORNECEDOR;VARCHAR2;Fornecedor;nome/razão social;S
DIMENSOES-CONFORMADAS;PCFORNEC;dimensao;FANTASIA;VARCHAR2;Fantasia;nome fantasia;S
DIMENSOES-CONFORMADAS;PCFORNEC;dimensao;CGC;VARCHAR2;CNPJ/CPF;documento;S
DIMENSOES-CONFORMADAS;PCFORNEC;dimensao;ENDER;VARCHAR2;Endereço;endereço;S
DIMENSOES-CONFORMADAS;PCFORNEC;dimensao;CIDADE;VARCHAR2;Cidade;atributo geográfico;N
DIMENSOES-CONFORMADAS;PCFORNEC;dimensao;CEP;VARCHAR2;CEP;endereço;S
DIMENSOES-CONFORMADAS;PCFORNEC;dimensao;TELEFONECOM;VARCHAR2;Telefone;contato;S
DIMENSOES-CONFORMADAS;PCFORNEC;dimensao;EMAIL;VARCHAR2;E-Mail;contato;S
DIMENSOES-CONFORMADAS;PCFORNEC;dimensao;CONTATO;VARCHAR2;Contato;nome de pessoa de contato;S
DIMENSOES-CONFORMADAS;PCFORNEC;dimensao;TIPOFORNEC;VARCHAR2;Tipo fornecedor;classificação;N
DIMENSOES-CONFORMADAS;PCFORNEC;dimensao;CODFORNECPRINC;NUMBER;Cod.Fornec.Princ;auto-FK (grupo de fornecedores);N
DIMENSOES-CONFORMADAS;PCFORNEC;dimensao;CODCOMPRADOR;NUMBER;Comprador;FK → PCEMPR (comprador responsável);N
DIMENSOES-CONFORMADAS;PCFORNEC;dimensao;PRAZOENTREGA;NUMBER;Prazo entrega - Lead Time (dias);métrica de suprimentos;N
DIMENSOES-CONFORMADAS;PCFORNEC;dimensao;CODCIDADE;NUMBER;Cidade IBGE;FK → PCCIDADE;N
DIMENSOES-CONFORMADAS;PCFORNEC;dimensao;DTEXCLUSAO;DATE;Data Exclusão;soft delete;N
DIMENSOES-CONFORMADAS;PCUSUARI;dimensao;CODUSUR;NUMBER;Código;PK (FK nos fatos: PCMOV/PCPEDC.CODUSUR, PCCLIENT.CODUSUR1);N
DIMENSOES-CONFORMADAS;PCUSUARI;dimensao;NOME;VARCHAR2;Nome;nome do RCA;S
DIMENSOES-CONFORMADAS;PCUSUARI;dimensao;CODSUPERVISOR;NUMBER;Supervisor;FK → PCSUPERV (hierarquia RCA→supervisor);N
DIMENSOES-CONFORMADAS;PCUSUARI;dimensao;CODFILIAL;VARCHAR2;Filial;FK → PCFILIAL;N
DIMENSOES-CONFORMADAS;PCUSUARI;dimensao;CPF;VARCHAR2;CPF;documento;S
DIMENSOES-CONFORMADAS;PCUSUARI;dimensao;CGC;VARCHAR2;CNPJ;documento (RCA PJ);S
DIMENSOES-CONFORMADAS;PCUSUARI;dimensao;EMAIL;VARCHAR2;E-Mail;contato;S
DIMENSOES-CONFORMADAS;PCUSUARI;dimensao;TELEFONE1;VARCHAR2;Telefone 1;contato;S
DIMENSOES-CONFORMADAS;PCUSUARI;dimensao;ENDERECO;VARCHAR2;Endereço;endereço;S
DIMENSOES-CONFORMADAS;PCUSUARI;dimensao;DTNASC;DATE;Data de nascimento;dado pessoal;S
DIMENSOES-CONFORMADAS;PCUSUARI;dimensao;DTTERMINO;DATE;Data de fim;desligamento (ativo quando NULL);N
DIMENSOES-CONFORMADAS;PCUSUARI;dimensao;BLOQUEIO;VARCHAR2;Bloqueio;flag de bloqueio;N
DIMENSOES-CONFORMADAS;PCSUPERV;dimensao;CODSUPERVISOR;NUMBER;Código;PK;N
DIMENSOES-CONFORMADAS;PCSUPERV;dimensao;NOME;VARCHAR2;Nome;nome do supervisor;S
DIMENSOES-CONFORMADAS;PCSUPERV;dimensao;EMAIL;VARCHAR2;;contato;S
DIMENSOES-CONFORMADAS;PCSUPERV;dimensao;CODGERENTE;NUMBER;Código do gerente;FK nível gerente (hierarquia opcional);N
DIMENSOES-CONFORMADAS;PCPRACA;dimensao;CODPRACA;NUMBER;Código;PK;N
DIMENSOES-CONFORMADAS;PCPRACA;dimensao;PRACA;VARCHAR2;Praça;atributo descritivo;N
DIMENSOES-CONFORMADAS;PCPRACA;dimensao;NUMREGIAO;NUMBER;Região;FK → PCREGIAO (hierarquia praça→região);N
DIMENSOES-CONFORMADAS;PCPRACA;dimensao;ROTA;NUMBER;Rota;FK → PCROTAEXP;N
DIMENSOES-CONFORMADAS;PCPRACA;dimensao;CODMUNIC;NUMBER;;provável FK → PCCIDADE (validar);N
DIMENSOES-CONFORMADAS;PCPRACA;dimensao;SITUACAO;VARCHAR2;Situação;ativa/inativa;N
DIMENSOES-CONFORMADAS;PCEMPR;dimensao;MATRICULA;NUMBER;Matrícula;PK;N
DIMENSOES-CONFORMADAS;PCEMPR;dimensao;NOME;VARCHAR2;Nome;nome do funcionário;S
DIMENSOES-CONFORMADAS;PCEMPR;dimensao;CPF;VARCHAR2;CPF;documento;S
DIMENSOES-CONFORMADAS;PCEMPR;dimensao;ENDERECO;VARCHAR2;Endereço;endereço;S
DIMENSOES-CONFORMADAS;PCEMPR;dimensao;EMAIL;VARCHAR2;Email;contato;S
DIMENSOES-CONFORMADAS;PCEMPR;dimensao;CODFILIAL;VARCHAR2;Cód. da filial;FK → PCFILIAL;N
DIMENSOES-CONFORMADAS;PCEMPR;dimensao;CODSETOR;NUMBER;Cód. do setor;setor;N
DIMENSOES-CONFORMADAS;PCEMPR;dimensao;FUNCAO;VARCHAR2;Funcao;cargo/função;N
DIMENSOES-CONFORMADAS;PCEMPR;dimensao;SITUACAO;VARCHAR2;Situação;ativo/inativo (validar domínio);N
DIMENSOES-CONFORMADAS;PCEMPR;dimensao;USUARIOBD;VARCHAR2;Usuário (login);login Oracle (auditoria);S
DIMENSOES-CONFORMADAS;PCEMPR;dimensao;CODUSUR;NUMBER;Cód. do usuário;ponte funcionário→RCA (PCUSUARI);N
DIMENSOES-CONFORMADAS;PCEMPR;dimensao;DTDEMISSAO;DATE;;desligamento;N
DIMENSOES-CONFORMADAS;PCPLPAG;dimensao;CODPLPAG;NUMBER;Código;PK;N
DIMENSOES-CONFORMADAS;PCPLPAG;dimensao;DESCRICAO;VARCHAR2;Descrição;atributo descritivo;N
DIMENSOES-CONFORMADAS;PCPLPAG;dimensao;NUMDIAS;NUMBER;Prazo médio;prazo médio em dias;N
DIMENSOES-CONFORMADAS;PCPLPAG;dimensao;PRAZO1;NUMBER;Número de dias 1;parcela 1 (há PRAZO2, PRAZO3...);N
DIMENSOES-CONFORMADAS;PCPLPAG;dimensao;TIPOPRAZO;VARCHAR2;Tipo de prazo;classificação do prazo;N
DIMENSOES-CONFORMADAS;PCCOB;dimensao;CODCOB;VARCHAR2;Código;PK;N
DIMENSOES-CONFORMADAS;PCCOB;dimensao;COBRANCA;VARCHAR2;Nome;atributo descritivo;N
DIMENSOES-CONFORMADAS;PCCOB;dimensao;BOLETO;VARCHAR2;Boleto bancário;flag boleto;N
DIMENSOES-CONFORMADAS;PCCOB;dimensao;CARTAO;VARCHAR2;Cartão de crédito;flag cartão;N
DIMENSOES-CONFORMADAS;PCCOB;dimensao;CODMOEDA;VARCHAR2;Moeda;FK → PCMOEDA;N
DIMENSOES-CONFORMADAS;PCCOB;dimensao;CODFILIAL;VARCHAR2;Filial;FK → PCFILIAL (quando restrita);N
DIMENSOES-CONFORMADAS;PCDEPTO;dimensao;CODEPTO;NUMBER;Código;PK;N
DIMENSOES-CONFORMADAS;PCDEPTO;dimensao;DESCRICAO;VARCHAR2;Descrição;atributo descritivo;N
DIMENSOES-CONFORMADAS;PCDEPTO;dimensao;TIPOMERC;VARCHAR2;Tipo mercadoria;classificação;N
DIMENSOES-CONFORMADAS;PCSECAO;dimensao;CODSEC;NUMBER;Código;PK;N
DIMENSOES-CONFORMADAS;PCSECAO;dimensao;DESCRICAO;VARCHAR2;Descrição;atributo descritivo;N
DIMENSOES-CONFORMADAS;PCSECAO;dimensao;CODEPTO;NUMBER;Código do identificador do departamento;FK → PCDEPTO;N
DIMENSOES-CONFORMADAS;PCSECAO;dimensao;DTEXCLUSAO;DATE;;soft delete;N
DIMENSOES-CONFORMADAS;PCMARCA;dimensao;CODMARCA;NUMBER;Código;PK;N
DIMENSOES-CONFORMADAS;PCMARCA;dimensao;MARCA;VARCHAR2;Descrição;atributo descritivo;N
DIMENSOES-CONFORMADAS;PCCONTA;dimensao;CODCONTA;NUMBER;Código da conta;PK;N
DIMENSOES-CONFORMADAS;PCCONTA;dimensao;CONTA;VARCHAR2;Nome da conta;atributo descritivo;N
DIMENSOES-CONFORMADAS;PCCONTA;dimensao;GRUPOCONTA;NUMBER;Código do grupo;FK → PCGRUPO.CODGRUPO (hierarquia conta→grupo);N
DIMENSOES-CONFORMADAS;PCCONTA;dimensao;TIPO;VARCHAR2;Tipo de conta;classificação (validar domínio);N
DIMENSOES-CONFORMADAS;PCCONTA;dimensao;CONTACONTABIL;VARCHAR2;Conta contábil;de-para contábil;N
DIMENSOES-CONFORMADAS;PCGRUPO;dimensao;CODGRUPO;NUMBER;Código;PK;N
DIMENSOES-CONFORMADAS;PCGRUPO;dimensao;GRUPO;VARCHAR2;Nome do grupo;atributo descritivo;N
DIMENSOES-CONFORMADAS;PCCIDADE;dimensao;CODCIDADE;NUMBER;codcidade;PK;N
DIMENSOES-CONFORMADAS;PCCIDADE;dimensao;NOMECIDADE;VARCHAR2;Nome;atributo descritivo;N
DIMENSOES-CONFORMADAS;PCCIDADE;dimensao;UF;VARCHAR2;UF;FK → PCESTADO;N
DIMENSOES-CONFORMADAS;PCCIDADE;dimensao;CODIBGE;NUMBER;Código do IBGE;chave de integração externa;N
DIMENSOES-CONFORMADAS;PCESTADO;dimensao;UF;VARCHAR2;UF;PK;N
DIMENSOES-CONFORMADAS;PCESTADO;dimensao;ESTADO;VARCHAR2;Estado;nome do estado;N
DIMENSOES-CONFORMADAS;PCESTADO;dimensao;CODIBGE;NUMBER;Código IBGE;chave de integração externa;N
DIMENSOES-CONFORMADAS;PCESTADO;dimensao;CODPAIS;NUMBER;País;FK → PCPAIS;N
DIMENSOES-CONFORMADAS;PCREGIAO;dimensao;NUMREGIAO;NUMBER;Nº da região;PK;N
DIMENSOES-CONFORMADAS;PCREGIAO;dimensao;REGIAO;VARCHAR2;Descrição;atributo descritivo;N
DIMENSOES-CONFORMADAS;PCREGIAO;dimensao;STATUS;VARCHAR2;Situação;ativa/inativa;N
DIMENSOES-CONFORMADAS;PCROTAEXP;dimensao;CODROTA;NUMBER;Código;PK;N
DIMENSOES-CONFORMADAS;PCROTAEXP;dimensao;DESCRICAO;VARCHAR2;Descrição;atributo descritivo;N
DIMENSOES-CONFORMADAS;PCATIVI;dimensao;CODATIV;NUMBER;Código;PK;N
DIMENSOES-CONFORMADAS;PCATIVI;dimensao;RAMO;VARCHAR2;Ramo;atributo descritivo;N
DIMENSOES-CONFORMADAS;PCCATEGORIA;dimensao;CODSEC;NUMBER;Cod. Seção;PK parte 1 / FK → PCSECAO;N
DIMENSOES-CONFORMADAS;PCCATEGORIA;dimensao;CODCATEGORIA;NUMBER;Código;PK parte 2;N
DIMENSOES-CONFORMADAS;PCCATEGORIA;dimensao;CATEGORIA;VARCHAR2;Categoria;atributo descritivo;N
DIMENSOES-CONFORMADAS;PCPRODFILIAL;apoio;CODPROD;NUMBER;Código do produto;PK parte 1 / FK → PCPRODUT;N
DIMENSOES-CONFORMADAS;PCPRODFILIAL;apoio;CODFILIAL;VARCHAR2;Filial;PK parte 2 / FK → PCFILIAL;N
DIMENSOES-CONFORMADAS;PCEMBALAGEM;apoio;CODFILIAL;VARCHAR2;Filial;PK parte 1;N
DIMENSOES-CONFORMADAS;PCEMBALAGEM;apoio;CODAUXILIAR;NUMBER;Código de barras;PK parte 2 (EAN/DUN);N
DIMENSOES-CONFORMADAS;PCFORNECFILIAL;apoio;CODFORNEC;NUMBER;Fornecedor;PK parte 1 / FK → PCFORNEC;N
DIMENSOES-CONFORMADAS;PCFORNECFILIAL;apoio;CODFILIAL;VARCHAR2;Filial;PK parte 2 / FK → PCFILIAL;N
DIMENSOES-CONFORMADAS;PCCLIENTENDENT;apoio;CODCLI;NUMBER;Código do cliente;PK parte 1 / FK → PCCLIENT;N
DIMENSOES-CONFORMADAS;PCCLIENTENDENT;apoio;CODENDENTCLI;NUMBER;Código do endereço;PK parte 2;N
DIMENSOES-CONFORMADAS;DIM_TEMPO (gerada no BI);dimensao;SK_DATA;NUMBER;Chave AAAAMMDD;PK surrogate;N
DIMENSOES-CONFORMADAS;DIM_TEMPO (gerada no BI);dimensao;DATA;DATE;Data;chave natural de junção com colunas DT* dos fatos;N
DIMENSOES-CONFORMADAS;DIM_TEMPO (gerada no BI);dimensao;ANO/MES/TRIMESTRE/SEMANA;NUMBER;Períodos;hierarquia ano→trimestre→mês→dia;N
DIMENSOES-CONFORMADAS;DIM_TEMPO (gerada no BI);dimensao;FLG_DIA_UTIL;VARCHAR2;Dia útil;flag para métricas por dia útil;N
